added,edges,eigenv_1,eigenv_2,eigenv_3,eigenv_4,eigenv_5,eigenv_6,eigenv_7,eigenv_8,eigenv_9,eigenv_10,eigenv_11,eigenv_12,eigenv_13,eigenv_14,eigenv_15,span_trees,lower_bound_largest_laplacian_eigenv,lower_bound_second_largest_laplacian_eigenv,lower_bound_second_smallest_laplacian_eigenv,lower_bound_for_second_smallest_laplacian_eigenvalue_diam
base,"[(0, 2), (0, 3), (0, 4), (0, 9), (1, 2), (2, 3), (2, 4), (2, 10), (3, 5), (3, 6), (3, 10), (4, 5), (4, 8), (4, 12), (5, 6), (5, 7), (5, 9), (5, 11), (5, 13), (6, 7), (7, 8), (8, 11), (8, 12), (8, 14), (9, 13), (13, 14)]",8.604454000327465,6.403196682814041,6.118407185104535,5.895269328155269,5.3105057272838145,4.248201541607585,3.5877371563600535,3.105205771074683,2.023501159487425,1.9269956319089594,1.604057167720065,1.3318029758582812,1.2048462202785564,0.6358194520192924,5.042731604740289e-16,212487,5.88592412996653,4.6583123951777,0.04370479853238862,-0.0007003128063868528
"(0, 7, 1)","[(0, 2), (0, 3), (0, 4), (0, 9), (0, 7), (1, 2), (2, 3), (2, 4), (2, 10), (3, 5), (3, 6), (3, 10), (4, 5), (4, 8), (4, 12), (5, 6), (5, 7), (5, 9), (5, 11), (5, 13), (6, 7), (7, 8), (8, 11), (8, 12), (8, 14), (9, 13), (13, 14)]",8.756641377169801,6.578178048553534,6.401352893002346,6.069124488558418,5.319695564143898,4.27151084445134,4.121213219573104,3.316046154586337,2.318069214851523,1.9277765632989012,1.7122230998578445,1.3410194887796782,1.206298552702781,0.660850490470493,-3.4449737586168564e-16,378966,5.88592412996653,3.8660254037844384,0.04370479853238862,-0.0006738847207870974
"(0, 10, 1)","[(0, 2), (0, 3), (0, 4), (0, 9), (0, 10), (1, 2), (2, 3), (2, 4), (2, 10), (3, 5), (3, 6), (3, 10), (4, 5), (4, 8), (4, 12), (5, 6), (5, 7), (5, 9), (5, 11), (5, 13), (6, 7), (7, 8), (8, 11), (8, 12), (8, 14), (9, 13), (13, 14)]",8.62721550563638,6.420345918937059,6.252841831348687,6.09923407548068,5.572253592059924,4.3336445370169505,3.9728833099502823,3.5833552329042746,2.2872586164940487,1.9949186861535713,1.6160744798761006,1.3326425289137063,1.2528811345165558,0.6544505507118135,-1.682825907926341e-15,390097,5.88592412996653,4.322875655532295,0.04370479853238862,-0.0006738847207870974
"(0, 12, 1)","[(0, 2), (0, 3), (0, 4), (0, 9), (0, 12), (1, 2), (2, 3), (2, 4), (2, 10), (3, 5), (3, 6), (3, 10), (4, 5), (4, 8), (4, 12), (5, 6), (5, 7), (5, 9), (5, 11), (5, 13), (6, 7), (7, 8), (8, 11), (8, 12), (8, 14), (9, 13), (13, 14)]",8.62645036558536,6.560611860206403,6.397710358785582,6.077943598324474,5.318512168834061,4.326167536626228,3.9818504212135895,3.503160338475588,2.124850915984781,1.928402506508686,1.7460953788030307,1.5221287396184682,1.2284510300553984,0.6576647809783628,1.3992173839769915e-15,414298,5.88592412996653,4.322875655532295,0.04370479853238862,-0.0006738847207870974
"(0, 1, 1)","[(0, 2), (0, 3), (0, 4), (0, 9), (0, 1), (1, 2), (2, 3), (2, 4), (2, 10), (3, 5), (3, 6), (3, 10), (4, 5), (4, 8), (4, 12), (5, 6), (5, 7), (5, 9), (5, 11), (5, 13), (6, 7), (7, 8), (8, 11), (8, 12), (8, 14), (9, 13), (13, 14)]",8.64440613250666,6.443081998215976,6.320858996870189,6.118209051975087,5.426881221857636,4.26977408107941,3.7060642760597453,3.549344951667515,2.2080930456992998,1.9509147337442343,1.7692996679831483,1.4609014803815672,1.3315575347358992,0.8006128272236223,-1.4309686458522318e-15,519535,5.88592412996653,4.322875655532295,0.08740959706477724,-0.0006738847207870974
"(0, 6, 1)","[(0, 2), (0, 3), (0, 4), (0, 9), (0, 6), (1, 2), (2, 3), (2, 4), (2, 10), (3, 5), (3, 6), (3, 10), (4, 5), (4, 8), (4, 12), (5, 6), (5, 7), (5, 9), (5, 11), (5, 13), (6, 7), (7, 8), (8, 11), (8, 12), (8, 14), (9, 13), (13, 14)]",8.67443559209512,6.640735803409795,6.220506905809474,6.041356186738433,5.669014423222439,4.3660982739170615,4.021254560426984,3.242512831989107,2.2961897087978644,1.9270128885984241,1.713248749427375,1.3339116821051522,1.2084967532289845,0.6452256402338372,2.6527112591217503e-15,367255,5.88592412996653,3.8660254037844384,0.04370479853238862,-0.0006738847207870974
"(0, 14, 1)","[(0, 2), (0, 3), (0, 4), (0, 9), (0, 14), (1, 2), (2, 3), (2, 4), (2, 10), (3, 5), (3, 6), (3, 10), (4, 5), (4, 8), (4, 12), (5, 6), (5, 7), (5, 9), (5, 11), (5, 13), (6, 7), (7, 8), (8, 11), (8, 12), (8, 14), (9, 13), (13, 14)]",8.643303599112336,6.669731004407471,6.3855327032029425,6.0735133142952975,5.379082497815285,4.350705154318557,3.6193789421511866,3.2008913171552966,2.710549264297123,1.9635152044393045,1.610631809430815,1.4244906819125465,1.278453618253057,0.6902208892087826,-2.3434082676599094e-16,435439,5.88592412996653,4.322875655532295,0.04370479853238862,-0.0006738847207870974
"(0, 11, 1)","[(0, 2), (0, 3), (0, 4), (0, 9), (0, 11), (1, 2), (2, 3), (2, 4), (2, 10), (3, 5), (3, 6), (3, 10), (4, 5), (4, 8), (4, 12), (5, 6), (5, 7), (5, 9), (5, 11), (5, 13), (6, 7), (7, 8), (8, 11), (8, 12), (8, 14), (9, 13), (13, 14)]",8.735526750773035,6.46840353155744,6.3923137129626735,6.061908210407049,5.366498507572291,4.256817161036357,3.7815295877414536,3.4597097546116453,2.5202941826299794,2.0140042951254937,1.6853338902474608,1.361385313743733,1.2245613263746793,0.6717137752167055,-4.822529081715332e-16,417916,5.8960087790951405,3.8660254037844384,0.04370479853238862,-0.0006738847207870974
"(0, 5, 1)","[(0, 2), (0, 3), (0, 4), (0, 9), (0, 5), (1, 2), (2, 3), (2, 4), (2, 10), (3, 5), (3, 6), (3, 10), (4, 5), (4, 8), (4, 12), (5, 6), (5, 7), (5, 9), (5, 11), (5, 13), (6, 7), (7, 8), (8, 11), (8, 12), (8, 14), (9, 13), (13, 14)]",9.291271626770376,6.857632355670737,6.271993044315624,6.111893053477631,5.404915735818151,4.250192525884168,3.612106701335756,3.3516858055725125,2.052240268322541,1.9388784657640323,1.6604644525610357,1.3318987985551551,1.2088433175147226,0.6559838484375448,-2.9871960633176e-16,316012,6.599805945957956,5.7912878474779195,0.04370479853238862,-0.0006738847207870974
"(0, 8, 1)","[(0, 2), (0, 3), (0, 4), (0, 9), (0, 8), (1, 2), (2, 3), (2, 4), (2, 10), (3, 5), (3, 6), (3, 10), (4, 5), (4, 8), (4, 12), (5, 6), (5, 7), (5, 9), (5, 11), (5, 13), (6, 7), (7, 8), (8, 11), (8, 12), (8, 14), (9, 13), (13, 14)]",8.608093044177146,7.448166661696866,6.294987968051294,5.986811962038453,5.492330815227322,4.250438495862074,3.6128362620133543,3.2556048298170417,2.1610767283790744,1.9621564633924715,1.6146786163388662,1.3914762752133134,1.2468540128305443,0.6744878649621884,-7.731885919751627e-17,354390,5.88592412996653,5.561552812808831,0.04370479853238862,-0.0006738847207870974
"(0, 13, 1)","[(0, 2), (0, 3), (0, 4), (0, 9), (0, 13), (1, 2), (2, 3), (2, 4), (2, 10), (3, 5), (3, 6), (3, 10), (4, 5), (4, 8), (4, 12), (5, 6), (5, 7), (5, 9), (5, 11), (5, 13), (6, 7), (7, 8), (8, 11), (8, 12), (8, 14), (9, 13), (13, 14)]",8.711429005223547,6.543478521747337,6.208030427042477,6.118351646453055,5.434582753209845,4.759778924576414,3.7647255467817646,3.519886070443076,2.0417815792356633,1.935493006408471,1.6065175635785753,1.4474483970990815,1.2325404546795284,0.6759561035211176,5.067728742257573e-17,378808,5.88592412996653,3.8660254037844384,0.04370479853238862,-0.0006738847207870974
"(1, 3, 1)","[(0, 2), (0, 3), (0, 4), (0, 9), (1, 2), (1, 3), (2, 3), (2, 4), (2, 10), (3, 5), (3, 6), (3, 10), (4, 5), (4, 8), (4, 12), (5, 6), (5, 7), (5, 9), (5, 11), (5, 13), (6, 7), (7, 8), (8, 11), (8, 12), (8, 14), (9, 13), (13, 14)]",8.724626117797731,6.6970420789634995,6.397884499235686,6.056193165773816,5.383355896000904,4.2645417808109825,3.668023021343084,3.1949794365917894,2.0236075725872733,2.0000000000000004,1.9173781642993117,1.5619912001741951,1.331785856449319,0.7785912099723965,-1.7535345600546676e-15,510372,5.88592412996653,6.23606797749979,0.08740959706477724,-0.0006738847207870974
"(1, 6, 1)","[(0, 2), (0, 3), (0, 4), (0, 9), (1, 2), (1, 6), (2, 3), (2, 4), (2, 10), (3, 5), (3, 6), (3, 10), (4, 5), (4, 8), (4, 12), (5, 6), (5, 7), (5, 9), (5, 11), (5, 13), (6, 7), (7, 8), (8, 11), (8, 12), (8, 14), (9, 13), (13, 14)]",8.607315275789734,6.591176280755188,6.158910243843704,5.948933351119202,5.3915980987355985,4.305356620445453,4.0387061514825975,3.118623793345643,2.360624692311306,1.9522750759836096,1.7869092602965124,1.5626895733588124,1.331104253471523,0.8457773290611298,1.4697010020124583e-15,586983,5.88592412996653,4.6583123951777,0.08740959706477724,-0.0006738847207870974
"(1, 11, 1)","[(0, 2), (0, 3), (0, 4), (0, 9), (1, 2), (1, 11), (2, 3), (2, 4), (2, 10), (3, 5), (3, 6), (3, 10), (4, 5), (4, 8), (4, 12), (5, 6), (5, 7), (5, 9), (5, 11), (5, 13), (6, 7), (7, 8), (8, 11), (8, 12), (8, 14), (9, 13), (13, 14)]",8.62813173512177,6.425984425297748,6.212458662951843,5.895526601257344,5.327977761396871,4.253042565566984,3.6486404431887145,3.2768512568164456,3.021102415144142,1.979533635400668,1.6294272334691238,1.4467191572439229,1.2836327338704465,0.970971373273977,1.5796060312118422e-15,644460,5.8960087790951405,4.6583123951777,0.08740959706477724,-0.0006738847207870974
"(1, 14, 1)","[(0, 2), (0, 3), (0, 4), (0, 9), (1, 2), (1, 14), (2, 3), (2, 4), (2, 10), (3, 5), (3, 6), (3, 10), (4, 5), (4, 8), (4, 12), (5, 6), (5, 7), (5, 9), (5, 11), (5, 13), (6, 7), (7, 8), (8, 11), (8, 12), (8, 14), (9, 13), (13, 14)]",8.604547171076137,6.404768834738833,6.251541774184288,5.909529423626088,5.3140354340787015,4.34023860138709,3.6274255918107223,3.5366480837779877,2.5455873955260833,1.977487335354065,1.7709271535741813,1.421248214206082,1.2228692262171985,1.0731457604425945,1.0361327812530427e-15,667759,5.88592412996653,4.6583123951777,0.08740959706477724,-0.0008985264166766503
"(1, 4, 1)","[(0, 2), (0, 3), (0, 4), (0, 9), (1, 2), (1, 4), (2, 3), (2, 4), (2, 10), (3, 5), (3, 6), (3, 10), (4, 5), (4, 8), (4, 12), (5, 6), (5, 7), (5, 9), (5, 11), (5, 13), (6, 7), (7, 8), (8, 11), (8, 12), (8, 14), (9, 13), (13, 14)]",8.782648625832577,6.634598636328865,6.170060266578225,5.909688926563083,5.751283342980141,4.3664775069241655,3.5954127728251177,3.2484131137209915,2.0874193989083163,1.958929231224902,1.8550509497143972,1.4560256575758828,1.3037653084497518,0.8802262623736062,-1.502687010840529e-15,526582,5.88592412996653,6.0,0.08740959706477724,-0.0006738847207870974
"(1, 9, 1)","[(0, 2), (0, 3), (0, 4), (0, 9), (1, 2), (1, 9), (2, 3), (2, 4), (2, 10), (3, 5), (3, 6), (3, 10), (4, 5), (4, 8), (4, 12), (5, 6), (5, 7), (5, 9), (5, 11), (5, 13), (6, 7), (7, 8), (8, 11), (8, 12), (8, 14), (9, 13), (13, 14)]",8.629101876373188,6.499419754874087,6.159834434795679,5.975461463204186,5.359239432335849,4.6551768451028295,3.6383776290816443,3.1159801067539754,2.6142656005776144,1.957886103013728,1.6982791715504686,1.5091017962967352,1.299556372981602,0.8883194130584537,1.0870226704721587e-15,589468,5.88592412996653,4.6583123951777,0.08740959706477724,-0.0006738847207870974
"(1, 12, 1)","[(0, 2), (0, 3), (0, 4), (0, 9), (1, 2), (1, 12), (2, 3), (2, 4), (2, 10), (3, 5), (3, 6), (3, 10), (4, 5), (4, 8), (4, 12), (5, 6), (5, 7), (5, 9), (5, 11), (5, 13), (6, 7), (7, 8), (8, 11), (8, 12), (8, 14), (9, 13), (13, 14)]",8.607305718717544,6.428612851843955,6.212106970351729,5.902697248828726,5.416064813039146,4.253036582228199,3.6984595903482145,3.2287956541574787,2.728240787102841,2.0234828291068254,1.8987071991676931,1.4706513136594552,1.2260158474839031,0.9058225939642736,4.120101352598268e-15,636966,5.88592412996653,4.6583123951777,0.08740959706477724,-0.0006738847207870974
"(1, 7, 1)","[(0, 2), (0, 3), (0, 4), (0, 9), (1, 2), (1, 7), (2, 3), (2, 4), (2, 10), (3, 5), (3, 6), (3, 10), (4, 5), (4, 8), (4, 12), (5, 6), (5, 7), (5, 9), (5, 11), (5, 13), (6, 7), (7, 8), (8, 11), (8, 12), (8, 14), (9, 13), (13, 14)]",8.63546535938567,6.409623029248037,6.268571749214482,5.906391631876804,5.421414131816626,4.400468697963538,4.090480922076098,3.1055743221510466,2.2896846088494396,1.938049097053318,1.7476843885348003,1.542525283186965,1.324693246772601,0.919373531870646,-2.7610058400128784e-15,603238,5.88592412996653,4.6583123951777,0.08740959706477724,-0.0006738847207870974
"(1, 5, 1)","[(0, 2), (0, 3), (0, 4), (0, 9), (1, 2), (1, 5), (2, 3), (2, 4), (2, 10), (3, 5), (3, 6), (3, 10), (4, 5), (4, 8), (4, 12), (5, 6), (5, 7), (5, 9), (5, 11), (5, 13), (6, 7), (7, 8), (8, 11), (8, 12), (8, 14), (9, 13), (13, 14)]",9.42699299184591,6.499188223106578,6.133101548978744,5.9670315096033155,5.322476643797407,4.2750993094933305,3.5899090698111187,3.10722524701528,2.0763200881044703,1.9331543654055239,1.8125245696012637,1.6010247569894913,1.3317561747617048,0.9241955014859224,-5.410205520919871e-16,543910,6.599805945957956,4.322875655532295,0.08740959706477724,-0.0006738847207870974
"(1, 10, 1)","[(0, 2), (0, 3), (0, 4), (0, 9), (1, 2), (1, 10), (2, 3), (2, 4), (2, 10), (3, 5), (3, 6), (3, 10), (4, 5), (4, 8), (4, 12), (5, 6), (5, 7), (5, 9), (5, 11), (5, 13), (6, 7), (7, 8), (8, 11), (8, 12), (8, 14), (9, 13), (13, 14)]",8.60678725972571,6.403483680211011,6.133350431916327,5.939998437952015,5.330230958846154,4.258237544212788,3.751158240609924,3.393876661895598,2.837244640541366,2.021276306369886,1.8134667971618472,1.484167236469019,1.3317749068558942,0.6949468972324948,9.881857019836838e-17,552567,5.88592412996653,4.6583123951777,0.08740959706477724,-0.0006738847207870974
"(1, 13, 1)","[(0, 2), (0, 3), (0, 4), (0, 9), (1, 2), (1, 13), (2, 3), (2, 4), (2, 10), (3, 5), (3, 6), (3, 10), (4, 5), (4, 8), (4, 12), (5, 6), (5, 7), (5, 9), (5, 11), (5, 13), (6, 7), (7, 8), (8, 11), (8, 12), (8, 14), (9, 13), (13, 14)]",8.618130536901841,6.5133117883059315,6.118769909200153,5.908592113435082,5.328138380445192,4.938598101199971,3.6058709363570967,3.212155626914802,2.1304067162234124,1.9527802219087147,1.8999854484787606,1.526340866298804,1.2626771983610312,0.9842421559692223,2.3154969830832727e-16,618258,5.88592412996653,4.6583123951777,0.08740959706477724,-0.0006738847207870974
"(1, 8, 1)","[(0, 2), (0, 3), (0, 4), (0, 9), (1, 2), (1, 8), (2, 3), (2, 4), (2, 10), (3, 5), (3, 6), (3, 10), (4, 5), (4, 8), (4, 12), (5, 6), (5, 7), (5, 9), (5, 11), (5, 13), (6, 7), (7, 8), (8, 11), (8, 12), (8, 14), (9, 13), (13, 14)]",8.676087574019244,7.098615391334564,6.2419016717249205,5.8963177990315145,5.371473856671557,4.2508564151157735,3.6621635407203725,3.1493358509674048,2.040811454738321,2.0000000000000004,1.78742993440175,1.5092662952750133,1.291970486361663,1.023769729637959,3.261360846878298e-15,579580,5.88592412996653,5.561552812808831,0.08740959706477724,-0.0006738847207870974
"(2, 8, 1)","[(0, 2), (0, 3), (0, 4), (0, 9), (1, 2), (2, 3), (2, 4), (2, 10), (2, 8), (3, 5), (3, 6), (3, 10), (4, 5), (4, 8), (4, 12), (5, 6), (5, 7), (5, 9), (5, 11), (5, 13), (6, 7), (7, 8), (8, 11), (8, 12), (8, 14), (9, 13), (13, 14)]",8.60991534846782,7.731088112685405,6.39850160490712,5.913566477836398,5.328836620035915,4.287714747784487,3.6180339887498913,3.1216661457865755,2.0377187509027395,1.9323530280686187,1.6180028975218395,1.3819660112501055,1.2522284822737206,0.7684077837293813,3.0219005187661537e-16,367093,5.88592412996653,5.7912878474779195,0.04370479853238862,-0.0006738847207870974
"(2, 5, 1)","[(0, 2), (0, 3), (0, 4), (0, 9), (1, 2), (2, 3), (2, 4), (2, 10), (2, 5), (3, 5), (3, 6), (3, 10), (4, 5), (4, 8), (4, 12), (5, 6), (5, 7), (5, 9), (5, 11), (5, 13), (6, 7), (7, 8), (8, 11), (8, 12), (8, 14), (9, 13), (13, 14)]",9.383027108577611,7.308701636626885,6.160231670556531,5.898375940877719,5.311513783751044,4.262442157267191,3.592341524988904,3.1785165618670783,2.0241627214709217,1.9368195857188766,1.6721475926720115,1.3342328661882008,1.2056245309514182,0.7318623184855941,1.1394654422878506e-15,331423,6.599805945957956,6.449489742783178,0.04370479853238862,-0.0006738847207870974
"(2, 13, 1)","[(0, 2), (0, 3), (0, 4), (0, 9), (1, 2), (2, 3), (2, 4), (2, 10), (2, 13), (3, 5), (3, 6), (3, 10), (4, 5), (4, 8), (4, 12), (5, 6), (5, 7), (5, 9), (5, 11), (5, 13), (6, 7), (7, 8), (8, 11), (8, 12), (8, 14), (9, 13), (13, 14)]",8.728238371639147,7.152369636617857,6.288640403911608,5.971222637750611,5.323569887277269,4.392163140222123,3.642926738348367,3.4202405655066275,2.0258102541708602,1.9406182640340701,1.6078817008165895,1.528771466947297,1.2241808978321314,0.7533660349254107,-8.434639321158697e-16,405771,5.88592412996653,5.561552812808831,0.04370479853238862,-0.0006738847207870974
"(2, 6, 1)","[(0, 2), (0, 3), (0, 4), (0, 9), (1, 2), (2, 3), (2, 4), (2, 10), (2, 6), (3, 5), (3, 6), (3, 10), (4, 5), (4, 8), (4, 12), (5, 6), (5, 7), (5, 9), (5, 11), (5, 13), (6, 7), (7, 8), (8, 11), (8, 12), (8, 14), (9, 13), (13, 14)]",8.682464451892738,7.103164080273193,6.287318865088608,6.030382647685456,5.328434738276122,4.463716455931358,3.8305717221586404,3.137505425203391,2.2114503625079434,1.9481110755166033,1.7354124156028965,1.3318191500861107,1.214967972085471,0.6946806376914955,1.5855349891765016e-15,374496,5.88592412996653,5.561552812808831,0.04370479853238862,-0.0006738847207870974
"(2, 14, 1)","[(0, 2), (0, 3), (0, 4), (0, 9), (1, 2), (2, 3), (2, 4), (2, 10), (2, 14), (3, 5), (3, 6), (3, 10), (4, 5), (4, 8), (4, 12), (5, 6), (5, 7), (5, 9), (5, 11), (5, 13), (6, 7), (7, 8), (8, 11), (8, 12), (8, 14), (9, 13), (13, 14)]",8.647874644582048,7.2476050405660795,6.157302888498005,5.9359499015467625,5.3215851928145,4.474883665391533,3.593574501008934,3.111027052451571,2.376695479736577,1.9530745780645242,1.6283730469236384,1.5089984088634623,1.2701144390053491,0.7729411605470234,1.7912968235423305e-15,455272,5.88592412996653,5.7912878474779195,0.04370479853238862,-0.0006738847207870974
"(2, 11, 1)","[(0, 2), (0, 3), (0, 4), (0, 9), (1, 2), (2, 3), (2, 4), (2, 10), (2, 11), (3, 5), (3, 6), (3, 10), (4, 5), (4, 8), (4, 12), (5, 6), (5, 7), (5, 9), (5, 11), (5, 13), (6, 7), (7, 8), (8, 11), (8, 12), (8, 14), (9, 13), (13, 14)]",8.750371209930169,7.063296391917431,6.18145342209108,5.968181244499421,5.332985203900469,4.325582022578018,3.6165051021322685,3.2028297340085845,2.5522083833302824,1.9807020515108205,1.7041368276737092,1.3525934827287618,1.2226428428764815,0.7465120808225165,-1.4553957016795467e-15,431973,5.8960087790951405,5.561552812808831,0.04370479853238862,-0.0006738847207870974
"(2, 12, 1)","[(0, 2), (0, 3), (0, 4), (0, 9), (1, 2), (2, 3), (2, 4), (2, 10), (2, 12), (3, 5), (3, 6), (3, 10), (4, 5), (4, 8), (4, 12), (5, 6), (5, 7), (5, 9), (5, 11), (5, 13), (6, 7), (7, 8), (8, 11), (8, 12), (8, 14), (9, 13), (13, 14)]",8.628425106895051,7.14778989110557,6.186103207543287,5.954174040935394,5.397191143341967,4.388082809926529,3.663488243337294,3.3512791539520372,2.088916825413532,2.008490689669841,1.738324485310552,1.50485621145619,1.2271703624508548,0.7157078286619166,1.1508107290506804e-16,424479,5.88592412996653,5.7912878474779195,0.04370479853238862,-0.0006738847207870974
"(2, 9, 1)","[(0, 2), (0, 3), (0, 4), (0, 9), (1, 2), (2, 3), (2, 4), (2, 10), (2, 9), (3, 5), (3, 6), (3, 10), (4, 5), (4, 8), (4, 12), (5, 6), (5, 7), (5, 9), (5, 11), (5, 13), (6, 7), (7, 8), (8, 11), (8, 12), (8, 14), (9, 13), (13, 14)]",8.75255843387319,7.005853746921091,6.2271744395045285,5.912331033194585,5.322724222435805,4.863825144523259,3.6066666281054354,3.225208630734902,2.1930145407835324,1.9649829940848451,1.608438122229206,1.4009687016780579,1.206018206462333,0.7102351554692574,-1.565950650152453e-15,376981,5.88592412996653,5.561552812808831,0.04370479853238862,-0.0006738847207870974
"(2, 7, 1)","[(0, 2), (0, 3), (0, 4), (0, 9), (1, 2), (2, 3), (2, 4), (2, 10), (2, 7), (3, 5), (3, 6), (3, 10), (4, 5), (4, 8), (4, 12), (5, 6), (5, 7), (5, 9), (5, 11), (5, 13), (6, 7), (7, 8), (8, 11), (8, 12), (8, 14), (9, 13), (13, 14)]",8.774886936119973,7.144833829295156,6.165234826770117,5.947572444013212,5.38908561538924,4.280346495258372,3.9611439743800823,3.1687556200458107,2.216576594561191,1.940053985689603,1.7396595345937782,1.335381578122113,1.2049312766638818,0.7315372890974413,1.3296094473717617e-16,390751,5.88592412996653,5.561552812808831,0.04370479853238862,-0.0006738847207870974
"(3, 7, 1)","[(0, 2), (0, 3), (0, 4), (0, 9), (1, 2), (2, 3), (2, 4), (2, 10), (3, 5), (3, 6), (3, 10), (3, 7), (4, 5), (4, 8), (4, 12), (5, 6), (5, 7), (5, 9), (5, 11), (5, 13), (6, 7), (7, 8), (8, 11), (8, 12), (8, 14), (9, 13), (13, 14)]",8.634937336176927,7.0386021451406915,6.396457733023734,5.981797561334135,5.316706184811026,4.295831083531986,4.223015836160996,3.1304694303516163,2.116281634998567,1.9373882916502865,1.69380729694767,1.340832967373767,1.2224525008267961,0.6714199976718198,6.928854626925204e-16,357769,5.88592412996653,6.449489742783178,0.04370479853238862,-0.0006738847207870974
"(3, 9, 1)","[(0, 2), (0, 3), (0, 4), (0, 9), (1, 2), (2, 3), (2, 4), (2, 10), (3, 5), (3, 6), (3, 10), (3, 9), (4, 5), (4, 8), (4, 12), (5, 6), (5, 7), (5, 9), (5, 11), (5, 13), (6, 7), (7, 8), (8, 11), (8, 12), (8, 14), (9, 13), (13, 14)]",8.642796314662174,6.986016931334465,6.340697860979436,5.9758307827926815,5.515743507593832,4.587035552581544,3.7147593187364563,3.1780549408746412,2.2261561288774563,1.954629301222922,1.6046646547909,1.3903831271913043,1.2254321779600006,0.657799400402177,-1.5730366431385292e-16,356515,5.88592412996653,6.449489742783178,0.04370479853238862,-0.0006738847207870974
"(3, 12, 1)","[(0, 2), (0, 3), (0, 4), (0, 9), (1, 2), (2, 3), (2, 4), (2, 10), (3, 5), (3, 6), (3, 10), (3, 12), (4, 5), (4, 8), (4, 12), (5, 6), (5, 7), (5, 9), (5, 11), (5, 13), (6, 7), (7, 8), (8, 11), (8, 12), (8, 14), (9, 13), (13, 14)]",8.77438357310799,6.870676307914223,6.3821456235344876,5.988055346237071,5.314606155938004,4.280697134490967,3.596174987221673,3.371362630190304,2.157653437881484,2.023415064263712,1.8303785032794544,1.5024426890740359,1.2454649348752627,0.6625436119913786,-4.631385357742874e-16,419721,5.88592412996653,6.23606797749979,0.04370479853238862,-0.0006738847207870974
"(3, 4, 1)","[(0, 2), (0, 3), (0, 4), (0, 9), (1, 2), (2, 3), (2, 4), (2, 10), (3, 5), (3, 6), (3, 10), (3, 4), (4, 5), (4, 8), (4, 12), (5, 6), (5, 7), (5, 9), (5, 11), (5, 13), (6, 7), (7, 8), (8, 11), (8, 12), (8, 14), (9, 13), (13, 14)]",8.616301668941905,7.437365314476042,6.368353718861674,6.021729422884421,5.65453672369807,4.275330757163031,3.6456425711408036,3.1087409548013536,2.036358018934865,1.939772274971484,1.6240187219736262,1.3781893152038935,1.2478962927854191,0.6457642441634514,9.69650181262855e-16,319801,5.88592412996653,6.449489742783178,0.04370479853238862,-0.0006738847207870974
"(3, 11, 1)","[(0, 2), (0, 3), (0, 4), (0, 9), (1, 2), (2, 3), (2, 4), (2, 10), (3, 5), (3, 6), (3, 10), (3, 11), (4, 5), (4, 8), (4, 12), (5, 6), (5, 7), (5, 9), (5, 11), (5, 13), (6, 7), (7, 8), (8, 11), (8, 12), (8, 14), (9, 13), (13, 14)]",8.641466666478248,7.0248157515694345,6.386263336012965,5.999516887405115,5.341966870665817,4.254651648388021,3.6148420095616265,3.161079131155089,2.628235714000553,1.9748325452312192,1.666496586682996,1.3708817462397955,1.2539615280145227,0.6809895785946086,1.6821248731170193e-16,407763,5.853535224907624,6.449489742783178,0.04370479853238862,-0.0006738847207870974
"(3, 14, 1)","[(0, 2), (0, 3), (0, 4), (0, 9), (1, 2), (2, 3), (2, 4), (2, 10), (3, 5), (3, 6), (3, 10), (3, 14), (4, 5), (4, 8), (4, 12), (5, 6), (5, 7), (5, 9), (5, 11), (5, 13), (6, 7), (7, 8), (8, 11), (8, 12), (8, 14), (9, 13), (13, 14)]",8.740628505253056,6.89921135411169,6.402360751064906,5.9766228904636245,5.363984022997739,4.337569820048383,3.627581501800921,3.129556559758705,2.3624423688226384,1.9667322979903494,1.692511999646932,1.5073859334437676,1.2958034043378899,0.697608590259371,9.851788068393779e-16,435406,5.88592412996653,6.23606797749979,0.04370479853238862,-0.0006738847207870974
"(3, 13, 1)","[(0, 2), (0, 3), (0, 4), (0, 9), (1, 2), (2, 3), (2, 4), (2, 10), (3, 5), (3, 6), (3, 10), (3, 13), (4, 5), (4, 8), (4, 12), (5, 6), (5, 7), (5, 9), (5, 11), (5, 13), (6, 7), (7, 8), (8, 11), (8, 12), (8, 14), (9, 13), (13, 14)]",8.664013730681697,7.0721056928210135,6.33124958633445,6.062596616171237,5.355633884969931,4.508616305282856,3.601336113663244,3.3477531253747443,2.039741944217259,1.9342547022581809,1.620069500802473,1.5255060186239726,1.2540219090498164,0.6831008697491155,4.41973715077781e-16,381261,5.88592412996653,6.449489742783178,0.04370479853238862,-0.0006738847207870974
"(3, 8, 1)","[(0, 2), (0, 3), (0, 4), (0, 9), (1, 2), (2, 3), (2, 4), (2, 10), (3, 5), (3, 6), (3, 10), (3, 8), (4, 5), (4, 8), (4, 12), (5, 6), (5, 7), (5, 9), (5, 11), (5, 13), (6, 7), (7, 8), (8, 11), (8, 12), (8, 14), (9, 13), (13, 14)]",9.015497981510032,7.159792156476578,6.174934051891473,6.050907679059691,5.497840043121449,4.252146251416944,3.7535220344676405,3.109198715251867,2.0252218251421623,1.9381669576495497,1.6041226438624308,1.4480754373920564,1.2870428312914177,0.683531391466719,-1.5614867193276437e-15,351871,5.88592412996653,6.23606797749979,0.04370479853238862,-0.0006738847207870974
"(4, 13, 1)","[(0, 2), (0, 3), (0, 4), (0, 9), (1, 2), (2, 3), (2, 4), (2, 10), (3, 5), (3, 6), (3, 10), (4, 5), (4, 8), (4, 12), (4, 13), (5, 6), (5, 7), (5, 9), (5, 11), (5, 13), (6, 7), (7, 8), (8, 11), (8, 12), (8, 14), (9, 13), (13, 14)]",8.71494566418029,7.052617911197824,6.14254357680198,5.933311469831694,5.713249047823878,4.337239235533489,3.666036546137506,3.4035013281282014,2.0235710463425574,1.9290203014873524,1.6421897360889561,1.5814217557616093,1.2082728183100413,0.6520795623746598,1.1869753317795817e-15,368791,5.88592412996653,6.23606797749979,0.04370479853238862,-0.0006738847207870974
"(4, 10, 1)","[(0, 2), (0, 3), (0, 4), (0, 9), (1, 2), (2, 3), (2, 4), (2, 10), (3, 5), (3, 6), (3, 10), (4, 5), (4, 8), (4, 12), (4, 10), (5, 6), (5, 7), (5, 9), (5, 11), (5, 13), (6, 7), (7, 8), (8, 11), (8, 12), (8, 14), (9, 13), (13, 14)]",8.829825149655075,6.639730452469937,6.138634045225438,5.997283853443648,5.629317768930076,4.44484952042568,3.605066014531405,3.468098173883279,2.2592606258012173,2.0097329407964306,1.6204243833875096,1.3924921832688515,1.2896823374487256,0.6756025507327338,4.6191659602748545e-15,401842,5.88592412996653,6.0,0.04370479853238862,-0.0006738847207870974
"(4, 7, 1)","[(0, 2), (0, 3), (0, 4), (0, 9), (1, 2), (2, 3), (2, 4), (2, 10), (3, 5), (3, 6), (3, 10), (4, 5), (4, 8), (4, 12), (4, 7), (5, 6), (5, 7), (5, 9), (5, 11), (5, 13), (6, 7), (7, 8), (8, 11), (8, 12), (8, 14), (9, 13), (13, 14)]",8.673707742243874,6.876273950833124,6.156519662126783,6.030932186158127,5.894057831403002,4.281231063539758,3.8448579831738043,3.1692008111000813,2.2111369423676677,1.9271816971791111,1.74696265306755,1.3345078310057987,1.2092064863225653,0.6442231594787461,2.7489530091315624e-15,351301,5.88592412996653,6.23606797749979,0.04370479853238862,-0.0006738847207870974
"(4, 9, 1)","[(0, 2), (0, 3), (0, 4), (0, 9), (1, 2), (2, 3), (2, 4), (2, 10), (3, 5), (3, 6), (3, 10), (4, 5), (4, 8), (4, 12), (4, 9), (5, 6), (5, 7), (5, 9), (5, 11), (5, 13), (6, 7), (7, 8), (8, 11), (8, 12), (8, 14), (9, 13), (13, 14)]",8.685728500050384,6.9766141542023234,6.120119530985817,5.943361117297572,5.634660489268301,4.800184776217033,3.596778835206443,3.2194048975779768,2.1345911823821457,1.9449563586210477,1.6186942950798935,1.4803819045432551,1.2058474598889406,0.6386764986788769,-1.1749776741063825e-16,352617,5.88592412996653,6.23606797749979,0.04370479853238862,-0.0006738847207870974
"(4, 14, 1)","[(0, 2), (0, 3), (0, 4), (0, 9), (1, 2), (2, 3), (2, 4), (2, 10), (3, 5), (3, 6), (3, 10), (4, 5), (4, 8), (4, 12), (4, 14), (5, 6), (5, 7), (5, 9), (5, 11), (5, 13), (6, 7), (7, 8), (8, 11), (8, 12), (8, 14), (9, 13), (13, 14)]",8.79680233881105,6.625944805335997,6.141766797962904,5.924665966882373,5.8633882799661805,4.4817640372318905,3.6007158180744354,3.1096609531854593,2.4613870747487914,1.9690148816959772,1.6131855097816155,1.5130742669056405,1.2320490170370084,0.6665802523806507,-7.694244947711473e-16,404196,5.88592412996653,6.0,0.04370479853238862,-0.0006738847207870974
"(4, 11, 1)","[(0, 2), (0, 3), (0, 4), (0, 9), (1, 2), (2, 3), (2, 4), (2, 10), (3, 5), (3, 6), (3, 10), (4, 5), (4, 8), (4, 12), (4, 11), (5, 6), (5, 7), (5, 9), (5, 11), (5, 13), (6, 7), (7, 8), (8, 11), (8, 12), (8, 14), (9, 13), (13, 14)]",8.680059641555586,6.829033880616555,6.126833008740657,5.922030839303968,5.849129394512355,4.335448315327609,3.6285994395096455,3.1925676372160368,2.5607634533394226,1.9956234259318102,1.6860444473343892,1.3324041214993205,1.2083010544051835,0.6531613407074729,7.795916710865027e-17,381637,5.853535224907624,6.23606797749979,0.04370479853238862,-0.0006738847207870974
"(4, 6, 1)","[(0, 2), (0, 3), (0, 4), (0, 9), (1, 2), (2, 3), (2, 4), (2, 10), (3, 5), (3, 6), (3, 10), (4, 5), (4, 8), (4, 12), (4, 6), (5, 6), (5, 7), (5, 9), (5, 11), (5, 13), (6, 7), (7, 8), (8, 11), (8, 12), (8, 14), (9, 13), (13, 14)]",8.762210512792736,7.036486979470058,6.1184840508338905,5.965894931546241,5.47382639662101,4.536749538561173,3.851844925492236,3.1374680317179005,2.2160731153536997,1.9293149934810208,1.760364952568882,1.344470660220351,1.2302789288726275,0.6365319824681845,4.752350122549629e-16,356818,5.88592412996653,6.23606797749979,0.04370479853238862,-0.0006738847207870974
"(5, 8, 1)","[(0, 2), (0, 3), (0, 4), (0, 9), (1, 2), (2, 3), (2, 4), (2, 10), (3, 5), (3, 6), (3, 10), (4, 5), (4, 8), (4, 12), (5, 6), (5, 7), (5, 9), (5, 11), (5, 13), (5, 8), (6, 7), (7, 8), (8, 11), (8, 12), (8, 14), (9, 13), (13, 14)]",9.314862487126796,7.325601075312357,6.217234168373137,5.908854888570603,5.323747438809463,4.256112416384514,3.6466452858421277,3.1219497995795393,2.0476010456463505,1.950233287622282,1.6319112476768083,1.3829916770710529,1.231438357041411,0.6408168249435828,7.085322063782737e-16,306601,6.568213488349998,6.645751311064591,0.04370479853238862,-0.0006738847207870974
"(5, 14, 1)","[(0, 2), (0, 3), (0, 4), (0, 9), (1, 2), (2, 3), (2, 4), (2, 10), (3, 5), (3, 6), (3, 10), (4, 5), (4, 8), (4, 12), (5, 6), (5, 7), (5, 9), (5, 11), (5, 13), (5, 14), (6, 7), (7, 8), (8, 11), (8, 12), (8, 14), (9, 13), (13, 14)]",9.427758362349682,6.4882485752842864,6.14121127104772,5.926858378097799,5.339610642045785,4.396272087371173,3.5878114126355896,3.3070558712658698,2.412619253256741,1.9643801383346913,1.697822811206846,1.3981945172874606,1.2601954670617503,0.6519612127545756,-1.7814674679617445e-15,382140,6.599805945957956,4.6583123951777,0.04370479853238862,-0.0006738847207870974
"(5, 12, 1)","[(0, 2), (0, 3), (0, 4), (0, 9), (1, 2), (2, 3), (2, 4), (2, 10), (3, 5), (3, 6), (3, 10), (4, 5), (4, 8), (4, 12), (5, 6), (5, 7), (5, 9), (5, 11), (5, 13), (5, 12), (6, 7), (7, 8), (8, 11), (8, 12), (8, 14), (9, 13), (13, 14)]",9.385128037825515,6.58553254198762,6.1297994682387875,5.941189302255771,5.433580317602489,4.290872761839854,3.6126221535273113,3.1695102118460623,2.248008724613133,2.007383082329244,1.8847782083370193,1.4552552064117197,1.2192518791607774,0.6370881040247132,5.126702408284454e-16,385147,6.599805945957956,4.6583123951777,0.04370479853238862,-0.0006738847207870974
"(5, 10, 1)","[(0, 2), (0, 3), (0, 4), (0, 9), (1, 2), (2, 3), (2, 4), (2, 10), (3, 5), (3, 6), (3, 10), (4, 5), (4, 8), (4, 12), (5, 6), (5, 7), (5, 9), (5, 11), (5, 13), (5, 10), (6, 7), (7, 8), (8, 11), (8, 12), (8, 14), (9, 13), (13, 14)]",9.389231349396459,6.536721260889891,6.122098758366617,6.066548480994327,5.310697732370509,4.301600455563763,3.6425051897388587,3.21338374022361,2.3721549676951477,2.010697905096851,1.7152688481200165,1.332366730984934,1.2837407324769199,0.7029838480821242,8.390847792387471e-16,399718,6.599805945957956,4.322875655532295,0.04370479853238862,-0.0006738847207870974
"(6, 9, 1)","[(0, 2), (0, 3), (0, 4), (0, 9), (1, 2), (2, 3), (2, 4), (2, 10), (3, 5), (3, 6), (3, 10), (4, 5), (4, 8), (4, 12), (5, 6), (5, 7), (5, 9), (5, 11), (5, 13), (6, 7), (6, 9), (7, 8), (8, 11), (8, 12), (8, 14), (9, 13), (13, 14)]",8.61627035322038,6.46293228186828,6.27552767376333,6.116396285806396,5.319766656003424,4.731421360640604,4.029099190953374,3.127273195251372,2.488240726973632,1.9298552850432182,1.6754845009114188,1.3753670252243453,1.2159258134384527,0.6364396509017971,-4.3400414244112925e-17,386992,5.88592412996653,4.6583123951777,0.04370479853238862,-0.0006738847207870974
"(6, 10, 1)","[(0, 2), (0, 3), (0, 4), (0, 9), (1, 2), (2, 3), (2, 4), (2, 10), (3, 5), (3, 6), (3, 10), (4, 5), (4, 8), (4, 12), (5, 6), (5, 7), (5, 9), (5, 11), (5, 13), (6, 7), (6, 10), (7, 8), (8, 11), (8, 12), (8, 14), (9, 13), (13, 14)]",8.61532588556167,6.560166011761253,6.128463590805309,5.899376970686388,5.354105135253695,4.53821067486477,4.235075729893465,3.19757180308478,2.472739700306011,2.0143059084326103,1.7456060730365395,1.3322996791398423,1.2232386505506463,0.6835141866229941,-8.180140145660555e-16,434127,5.88592412996653,4.6583123951777,0.04370479853238862,-0.0006738847207870974
"(6, 8, 1)","[(0, 2), (0, 3), (0, 4), (0, 9), (1, 2), (2, 3), (2, 4), (2, 10), (3, 5), (3, 6), (3, 10), (4, 5), (4, 8), (4, 12), (5, 6), (5, 7), (5, 9), (5, 11), (5, 13), (6, 7), (6, 8), (7, 8), (8, 11), (8, 12), (8, 14), (9, 13), (13, 14)]",8.7159397454623,7.059639004830711,6.363057998154391,5.915911028147273,5.313184403138516,4.3384488106535715,4.088116164996382,3.1082348930550516,2.1468606716943404,1.9719778174838094,1.7056455589979536,1.3596683462256178,1.2692888144500376,0.6440267427100647,-5.914494465184524e-16,363004,5.88592412996653,5.302775637731995,0.04370479853238862,-0.0006738847207870974
"(6, 13, 1)","[(0, 2), (0, 3), (0, 4), (0, 9), (1, 2), (2, 3), (2, 4), (2, 10), (3, 5), (3, 6), (3, 10), (4, 5), (4, 8), (4, 12), (5, 6), (5, 7), (5, 9), (5, 11), (5, 13), (6, 7), (6, 13), (7, 8), (8, 11), (8, 12), (8, 14), (9, 13), (13, 14)]",8.608885852455206,6.417701012295409,6.2200899110857115,5.950733117490006,5.635708049939377,4.9856239538360505,3.7024636105977056,3.219948618979848,2.252577668119161,1.9328154214875866,1.7643334931221029,1.4262874796268943,1.2379960469097013,0.6448357640552645,4.2741214873172464e-16,399426,5.88592412996653,4.6583123951777,0.04370479853238862,-0.0006738847207870974
"(6, 14, 1)","[(0, 2), (0, 3), (0, 4), (0, 9), (1, 2), (2, 3), (2, 4), (2, 10), (3, 5), (3, 6), (3, 10), (4, 5), (4, 8), (4, 12), (5, 6), (5, 7), (5, 9), (5, 11), (5, 13), (6, 7), (6, 14), (7, 8), (8, 11), (8, 12), (8, 14), (9, 13), (13, 14)]",8.608662113908212,6.648754025433929,6.143330831877388,6.023084498321626,5.409548713034502,4.265995029176736,4.045312527628203,3.203514878637498,2.495302195932937,2.0226374930056386,1.7925625890753685,1.4109855779302476,1.2759201048392004,0.6543894211985528,1.2975549148713049e-15,450055,5.88592412996653,4.6583123951777,0.04370479853238862,-0.0006738847207870974
"(6, 11, 1)","[(0, 2), (0, 3), (0, 4), (0, 9), (1, 2), (2, 3), (2, 4), (2, 10), (3, 5), (3, 6), (3, 10), (4, 5), (4, 8), (4, 12), (5, 6), (5, 7), (5, 9), (5, 11), (5, 13), (6, 7), (6, 11), (7, 8), (8, 11), (8, 12), (8, 14), (9, 13), (13, 14)]",8.615870731751635,6.501432803193341,6.137134895076195,5.996730097639139,5.495272433272106,4.343665827737081,3.9903651408880876,3.1055939858652413,3.0,1.9682568377152068,1.6040791422861829,1.3525695871981693,1.2436821225622279,0.6453463948153835,-9.602431881881966e-16,418014,5.853535224907624,4.6583123951777,0.04370479853238862,-0.0006738847207870974
"(6, 12, 1)","[(0, 2), (0, 3), (0, 4), (0, 9), (1, 2), (2, 3), (2, 4), (2, 10), (3, 5), (3, 6), (3, 10), (4, 5), (4, 8), (4, 12), (5, 6), (5, 7), (5, 9), (5, 11), (5, 13), (6, 7), (6, 12), (7, 8), (8, 11), (8, 12), (8, 14), (9, 13), (13, 14)]",8.61662216926035,6.525233128236467,6.147534234111036,6.067071243496614,5.59243389467146,4.258613148471091,3.847474628309247,3.230251543565176,2.5332244225807825,1.9651415563204815,1.9237431829798535,1.4158668826723264,1.2378036117436833,0.63898635358143,-2.644545891116416e-15,443796,5.88592412996653,4.6583123951777,0.04370479853238862,-0.0006738847207870974
"(7, 12, 1)","[(0, 2), (0, 3), (0, 4), (0, 9), (1, 2), (2, 3), (2, 4), (2, 10), (3, 5), (3, 6), (3, 10), (4, 5), (4, 8), (4, 12), (5, 6), (5, 7), (5, 9), (5, 11), (5, 13), (6, 7), (7, 8), (7, 12), (8, 11), (8, 12), (8, 14), (9, 13), (13, 14)]",8.65752133044997,6.410350331477117,6.121941782036361,5.896068709115264,5.31099807794332,4.849022171033289,4.175493393310318,3.1291719579201436,2.344596421214227,1.9524235687429554,1.9052736614887715,1.3889124897183887,1.2223867195923486,0.6358393859575491,-8.32080539373559e-16,423091,5.88592412996653,4.6583123951777,0.04370479853238862,-0.0006738847207870974
"(7, 11, 1)","[(0, 2), (0, 3), (0, 4), (0, 9), (1, 2), (2, 3), (2, 4), (2, 10), (3, 5), (3, 6), (3, 10), (4, 5), (4, 8), (4, 12), (5, 6), (5, 7), (5, 9), (5, 11), (5, 13), (6, 7), (7, 8), (7, 11), (8, 11), (8, 12), (8, 14), (9, 13), (13, 14)]",8.604809734835612,6.410590357373079,6.120067760577796,5.911835576970688,5.387710740843747,4.718146972009181,4.214439445273029,3.112290204260143,2.7590933047272936,1.9632281444228372,1.6040675705696026,1.3377066840059066,1.2183666716082004,0.6376468325228821,6.278765495062211e-17,400591,5.853535224907624,4.6583123951777,0.04370479853238862,-0.0006738847207870974
"(7, 14, 1)","[(0, 2), (0, 3), (0, 4), (0, 9), (1, 2), (2, 3), (2, 4), (2, 10), (3, 5), (3, 6), (3, 10), (4, 5), (4, 8), (4, 12), (5, 6), (5, 7), (5, 9), (5, 11), (5, 13), (6, 7), (7, 8), (7, 14), (8, 11), (8, 12), (8, 14), (9, 13), (13, 14)]",8.639449693099525,6.412037454139375,6.118407427472686,5.896641870782931,5.458416942323324,4.7945798646990925,4.0488330373201995,3.2007465474095946,2.313089845886753,2.0230515407755614,1.7941107564806518,1.4119039468756864,1.2453389572574876,0.6433921154771306,-3.403519783784468e-16,429190,5.88592412996653,4.6583123951777,0.04370479853238862,-0.0006738847207870974
"(7, 13, 1)","[(0, 2), (0, 3), (0, 4), (0, 9), (1, 2), (2, 3), (2, 4), (2, 10), (3, 5), (3, 6), (3, 10), (4, 5), (4, 8), (4, 12), (5, 6), (5, 7), (5, 9), (5, 11), (5, 13), (6, 7), (7, 8), (7, 13), (8, 11), (8, 12), (8, 14), (9, 13), (13, 14)]",8.608397637721264,6.554908568305596,6.2423386143923025,5.936600562776686,5.399116288010884,4.888553774936927,3.984389093405588,3.156994679913484,2.2492288220911023,1.9286799945377626,1.7606569340339064,1.4372218854259187,1.2156447735484832,0.6372683709001505,-3.04830311296741e-15,393589,5.88592412996653,4.6583123951777,0.04370479853238862,-0.0006738847207870974
"(7, 10, 1)","[(0, 2), (0, 3), (0, 4), (0, 9), (1, 2), (2, 3), (2, 4), (2, 10), (3, 5), (3, 6), (3, 10), (4, 5), (4, 8), (4, 12), (5, 6), (5, 7), (5, 9), (5, 11), (5, 13), (6, 7), (7, 8), (7, 10), (8, 11), (8, 12), (8, 14), (9, 13), (13, 14)]",8.656783282746089,6.406739305612129,6.252279963098764,5.993725215026877,5.494294623783669,4.392321184476572,3.956398629408839,3.19163531900408,2.579164682628568,2.011844369444053,1.7644486785439395,1.3385400588810554,1.254507064993357,0.7073176223520102,2.9442384492943945e-15,459154,5.88592412996653,4.6583123951777,0.04370479853238862,-0.0006738847207870974
"(7, 9, 1)","[(0, 2), (0, 3), (0, 4), (0, 9), (1, 2), (2, 3), (2, 4), (2, 10), (3, 5), (3, 6), (3, 10), (4, 5), (4, 8), (4, 12), (5, 6), (5, 7), (5, 9), (5, 11), (5, 13), (6, 7), (7, 8), (7, 9), (8, 11), (8, 12), (8, 14), (9, 13), (13, 14)]",8.604884677885984,6.5008242175938,6.1836394199321925,5.966076275922101,5.67772599691083,4.79822968841142,3.724965946730762,3.114149960918378,2.586996642114474,1.93208481613116,1.6757227159945396,1.3924675883933848,1.205258778420405,0.6369732746406171,-1.4688683052461022e-15,389299,5.88592412996653,4.6583123951777,0.04370479853238862,-0.0006738847207870974
"(8, 13, 1)","[(0, 2), (0, 3), (0, 4), (0, 9), (1, 2), (2, 3), (2, 4), (2, 10), (3, 5), (3, 6), (3, 10), (4, 5), (4, 8), (4, 12), (5, 6), (5, 7), (5, 9), (5, 11), (5, 13), (6, 7), (7, 8), (8, 11), (8, 12), (8, 14), (8, 13), (9, 13), (13, 14)]",8.760879674950067,6.934589567158626,6.321078526957347,5.904260165398496,5.442592610208833,4.6258105420677715,3.699995292208066,3.252216296442725,2.061936101289751,1.9569585161626555,1.6278162733279513,1.5709567083029705,1.2049608300033645,0.635948895521384,-1.592057941821696e-16,362101,5.88592412996653,5.302775637731995,0.04370479853238862,-0.0006738847207870974
"(8, 10, 1)","[(0, 2), (0, 3), (0, 4), (0, 9), (1, 2), (2, 3), (2, 4), (2, 10), (3, 5), (3, 6), (3, 10), (4, 5), (4, 8), (4, 12), (5, 6), (5, 7), (5, 9), (5, 11), (5, 13), (6, 7), (7, 8), (8, 11), (8, 12), (8, 14), (8, 10), (9, 13), (13, 14)]",8.653408899009097,7.208771700012597,6.26899146334094,5.909372353889283,5.334262177398471,4.260131930269529,3.6047502589299296,3.343922448686488,2.162622296214167,2.0207343567837213,1.7300517303378353,1.4680897405661042,1.3115640281228973,0.7233266164389097,-8.790250859831034e-16,444376,5.88592412996653,5.561552812808831,0.04370479853238862,-0.0006738847207870974
"(8, 9, 1)","[(0, 2), (0, 3), (0, 4), (0, 9), (1, 2), (2, 3), (2, 4), (2, 10), (3, 5), (3, 6), (3, 10), (4, 5), (4, 8), (4, 12), (5, 6), (5, 7), (5, 9), (5, 11), (5, 13), (6, 7), (7, 8), (8, 11), (8, 12), (8, 14), (8, 9), (9, 13), (13, 14)]",8.799574344465796,7.03012876804143,6.331043817478552,5.906120474896282,5.324297046249077,4.532692656208852,3.5893176735171006,3.1832238778309683,2.3999836423417036,1.9666000347017545,1.6045946885942002,1.477234735053112,1.2153467456795817,0.6398414949416251,1.5835739719278426e-15,369931,5.88592412996653,5.302775637731995,0.04370479853238862,-0.0006738847207870974
"(9, 11, 1)","[(0, 2), (0, 3), (0, 4), (0, 9), (1, 2), (2, 3), (2, 4), (2, 10), (3, 5), (3, 6), (3, 10), (4, 5), (4, 8), (4, 12), (5, 6), (5, 7), (5, 9), (5, 11), (5, 13), (6, 7), (7, 8), (8, 11), (8, 12), (8, 14), (9, 13), (9, 11), (13, 14)]",8.604455179477139,6.436197844223798,6.166210843947808,6.001670496730677,5.4685892600226875,4.749438311494371,3.703695957436813,3.164684483359418,2.7483009168638675,2.022714832838446,1.6620808236416142,1.4213266760818617,1.2096056453601334,0.6410287285213685,4.335311809713313e-16,423547,5.853535224907624,4.6583123951777,0.04370479853238862,-0.0006738847207870974
"(9, 14, 1)","[(0, 2), (0, 3), (0, 4), (0, 9), (1, 2), (2, 3), (2, 4), (2, 10), (3, 5), (3, 6), (3, 10), (4, 5), (4, 8), (4, 12), (5, 6), (5, 7), (5, 9), (5, 11), (5, 13), (6, 7), (7, 8), (8, 11), (8, 12), (8, 14), (9, 13), (9, 14), (13, 14)]",8.632843325112542,6.513880192175193,6.148779825922585,5.920737338350444,5.403133267313546,4.5557586519813995,3.842225402161071,3.4471521460839125,2.704119876453755,1.9632191723801562,1.6155454070357362,1.3326389718404599,1.2689120709929886,0.6510543521961555,-8.126398296380062e-16,420138,5.88592412996653,4.6583123951777,0.04370479853238862,-0.0006738847207870974
"(9, 12, 1)","[(0, 2), (0, 3), (0, 4), (0, 9), (1, 2), (2, 3), (2, 4), (2, 10), (3, 5), (3, 6), (3, 10), (4, 5), (4, 8), (4, 12), (5, 6), (5, 7), (5, 9), (5, 11), (5, 13), (6, 7), (7, 8), (8, 11), (8, 12), (8, 14), (9, 13), (9, 12), (13, 14)]",8.650157087405809,6.433109170158248,6.152057426208312,5.975552928778559,5.624542408258444,4.5672187020053405,3.750052885182542,3.121399269366661,2.561354242507475,1.9317267663256115,1.8373429951281486,1.545826698704306,1.212682162511432,0.6369772574591555,-4.271534584026514e-16,445159,5.88592412996653,4.6583123951777,0.04370479853238862,-0.0006738847207870974
"(9, 10, 1)","[(0, 2), (0, 3), (0, 4), (0, 9), (1, 2), (2, 3), (2, 4), (2, 10), (3, 5), (3, 6), (3, 10), (4, 5), (4, 8), (4, 12), (5, 6), (5, 7), (5, 9), (5, 11), (5, 13), (6, 7), (7, 8), (8, 11), (8, 12), (8, 14), (9, 13), (9, 10), (13, 14)]",8.648538338407816,6.513235094774997,6.157347985709431,6.09625362191523,5.315690326611017,4.593481620043103,3.5926731245818,3.235894871428917,2.893215525174178,1.9918188772947993,1.6305648414002472,1.3840343317901982,1.2565856051276174,0.6906658357406329,7.696448893824465e-16,451642,5.88592412996653,4.6583123951777,0.04370479853238862,-0.0006738847207870974
"(10, 13, 1)","[(0, 2), (0, 3), (0, 4), (0, 9), (1, 2), (2, 3), (2, 4), (2, 10), (3, 5), (3, 6), (3, 10), (4, 5), (4, 8), (4, 12), (5, 6), (5, 7), (5, 9), (5, 11), (5, 13), (6, 7), (7, 8), (8, 11), (8, 12), (8, 14), (9, 13), (10, 13), (13, 14)]",8.633085280240847,6.515811016668953,6.126877113883994,5.9090661127176585,5.42631730795383,4.9808758369075345,3.650929034339221,3.1087800882630865,2.4604985261650865,2.0096112687500027,1.6687078996976286,1.5073190790308784,1.281317149831186,0.7208042855501166,-1.0311130648276536e-15,478410,5.88592412996653,4.6583123951777,0.04370479853238862,-0.0006738847207870974
"(10, 14, 1)","[(0, 2), (0, 3), (0, 4), (0, 9), (1, 2), (2, 3), (2, 4), (2, 10), (3, 5), (3, 6), (3, 10), (4, 5), (4, 8), (4, 12), (5, 6), (5, 7), (5, 9), (5, 11), (5, 13), (6, 7), (7, 8), (8, 11), (8, 12), (8, 14), (9, 13), (10, 14), (13, 14)]",8.606039016407236,6.407394606065041,6.232037643730492,5.9915027600826365,5.3465589017406465,4.324249743611443,3.964124792917341,3.51938117696206,2.2177895956166225,1.9493044608345134,1.795624047036658,1.5984763152506198,1.3117667044528205,0.7357502352919209,-2.3139965307017913e-16,530233,5.88592412996653,4.6583123951777,0.04370479853238862,-0.0006738847207870974
"(10, 11, 1)","[(0, 2), (0, 3), (0, 4), (0, 9), (1, 2), (2, 3), (2, 4), (2, 10), (3, 5), (3, 6), (3, 10), (4, 5), (4, 8), (4, 12), (5, 6), (5, 7), (5, 9), (5, 11), (5, 13), (6, 7), (7, 8), (8, 11), (8, 12), (8, 14), (9, 13), (10, 11), (13, 14)]",8.646391555815404,6.4208402879454205,6.178288458979704,5.942397278067572,5.384055822391862,4.283074313679985,3.8977415489429217,3.378058637610482,2.733390168058351,1.9297878498807728,1.8262093253790286,1.375050407803145,1.2871294211450761,0.7175849243002899,2.442536313504863e-15,504762,5.8960087790951405,4.6583123951777,0.04370479853238862,-0.0006738847207870974
"(10, 12, 1)","[(0, 2), (0, 3), (0, 4), (0, 9), (1, 2), (2, 3), (2, 4), (2, 10), (3, 5), (3, 6), (3, 10), (4, 5), (4, 8), (4, 12), (5, 6), (5, 7), (5, 9), (5, 11), (5, 13), (6, 7), (7, 8), (8, 11), (8, 12), (8, 14), (9, 13), (10, 12), (13, 14)]",8.604476553472736,6.426767024116484,6.1935875733160195,5.990664988941264,5.497352311355701,4.248374471198224,3.859623114557739,3.1209550953019893,2.852766894144197,2.022226997896019,1.6366709872820324,1.5820548759966626,1.2699684374507814,0.6945106749701365,-1.1577488087032558e-15,506994,5.88592412996653,4.6583123951777,0.04370479853238862,-0.0006738847207870974
"(11, 14, 1)","[(0, 2), (0, 3), (0, 4), (0, 9), (1, 2), (2, 3), (2, 4), (2, 10), (3, 5), (3, 6), (3, 10), (4, 5), (4, 8), (4, 12), (5, 6), (5, 7), (5, 9), (5, 11), (5, 13), (6, 7), (7, 8), (8, 11), (8, 12), (8, 14), (9, 13), (11, 14), (13, 14)]",8.631614107281791,6.429944287080334,6.1195879655076695,5.913821463339163,5.318084034694946,4.441529945650652,3.7205829525918563,3.5623481824612737,2.9228683834713616,1.9337918910719203,1.7349983383411804,1.4169022354624394,1.2159977204559784,0.6379284925894527,-8.914792958240569e-16,451852,5.8960087790951405,4.6583123951777,0.04370479853238862,-0.0006738847207870974
"(11, 13, 1)","[(0, 2), (0, 3), (0, 4), (0, 9), (1, 2), (2, 3), (2, 4), (2, 10), (3, 5), (3, 6), (3, 10), (4, 5), (4, 8), (4, 12), (5, 6), (5, 7), (5, 9), (5, 11), (5, 13), (6, 7), (7, 8), (8, 11), (8, 12), (8, 14), (9, 13), (11, 13), (13, 14)]",8.606213607630764,6.464907117988716,6.222367701228073,5.90954100102222,5.314277470963792,4.951529789321274,3.5891534633755615,3.3658264109290985,2.584872624560764,1.9953228725339953,1.701738871148955,1.453429770444378,1.2049842081052202,0.6358350907471688,-2.6486783781790213e-15,423765,5.853535224907624,4.6583123951777,0.04370479853238862,-0.0006738847207870974
"(11, 12, 1)","[(0, 2), (0, 3), (0, 4), (0, 9), (1, 2), (2, 3), (2, 4), (2, 10), (3, 5), (3, 6), (3, 10), (4, 5), (4, 8), (4, 12), (5, 6), (5, 7), (5, 9), (5, 11), (5, 13), (6, 7), (7, 8), (8, 11), (8, 12), (8, 14), (9, 13), (11, 12), (13, 14)]",8.647485768994489,6.40320128007132,6.118826673454522,5.902684700772684,5.365431602747782,4.285304482242797,3.834662813099736,3.5585167915350264,2.9546945173456205,1.9950788675398006,1.7339803451824531,1.3560263468032039,1.2070857816730007,0.6370200285375622,-3.1092091361128714e-15,445833,5.8960087790951405,4.6583123951777,0.04370479853238862,-0.0006738847207870974
"(12, 14, 1)","[(0, 2), (0, 3), (0, 4), (0, 9), (1, 2), (2, 3), (2, 4), (2, 10), (3, 5), (3, 6), (3, 10), (4, 5), (4, 8), (4, 12), (5, 6), (5, 7), (5, 9), (5, 11), (5, 13), (6, 7), (7, 8), (8, 11), (8, 12), (8, 14), (9, 13), (12, 14), (13, 14)]",8.606401107823055,6.432436191120037,6.121469729126055,5.898699247814765,5.416129692517262,4.351859759548678,3.9702768465224776,3.5534852743387715,2.530970393148201,1.9976690739778407,1.6906110693058167,1.5805592325615567,1.2076065480929639,0.6418258341025689,9.261149771104939e-16,464050,5.88592412996653,4.6583123951777,0.04370479853238862,-0.0006738847207870974
"(12, 13, 1)","[(0, 2), (0, 3), (0, 4), (0, 9), (1, 2), (2, 3), (2, 4), (2, 10), (3, 5), (3, 6), (3, 10), (4, 5), (4, 8), (4, 12), (5, 6), (5, 7), (5, 9), (5, 11), (5, 13), (6, 7), (7, 8), (8, 11), (8, 12), (8, 14), (9, 13), (12, 13), (13, 14)]",8.634780279787867,6.466514624020856,6.223130206121562,5.934131888180278,5.410367795013798,4.906976200928963,3.5896750142846408,3.1262585665432083,2.393448990222916,2.0060786925949565,1.897522000404583,1.5690066143799433,1.20542101314241,0.6366881143740206,-3.169296150477927e-15,449331,5.88592412996653,4.6583123951777,0.04370479853238862,-0.0006738847207870974
