added,edges,eigenv_1,eigenv_2,eigenv_3,eigenv_4,eigenv_5,eigenv_6,eigenv_7,eigenv_8,eigenv_9,eigenv_10,eigenv_11,eigenv_12,eigenv_13,eigenv_14,eigenv_15,span_trees
base,"[(0, 2), (0, 3), (0, 4), (0, 5), (0, 6), (0, 7), (0, 8), (0, 11), (0, 12), (0, 14), (1, 2), (2, 3), (2, 4), (2, 5), (2, 6), (2, 9), (2, 10), (2, 13), (3, 13), (4, 7), (6, 8), (6, 10), (6, 11), (6, 12), (6, 14), (8, 9)]",11.214065438797936,10.01541466919463,7.613593100331001,3.6005152132930527,3.4791031569738147,3.412216292800997,2.0,1.9999999999999996,1.8991799951880688,1.863418432423743,1.459650153299206,1.2930574662359395,1.2561906506111526,0.8935954308504225,5.058634478103776e-16,73080
"(0, 10, 1)","[(0, 2), (0, 3), (0, 4), (0, 5), (0, 6), (0, 7), (0, 8), (0, 11), (0, 12), (0, 14), (0, 10), (1, 2), (2, 3), (2, 4), (2, 5), (2, 6), (2, 9), (2, 10), (2, 13), (3, 13), (4, 7), (6, 8), (6, 10), (6, 11), (6, 12), (6, 14), (8, 9)]",12.085560517907528,10.117715476649742,7.693133841919305,3.601281218742061,3.5141353029136013,3.4269509352380334,2.736475487142885,2.0000000000000013,2.0000000000000004,1.8904670128954002,1.467149412270985,1.3140698947843006,1.256918659272294,0.8961422402639071,1.6827536245950818e-15,122220
"(0, 1, 1)","[(0, 2), (0, 3), (0, 4), (0, 5), (0, 6), (0, 7), (0, 8), (0, 11), (0, 12), (0, 14), (0, 1), (1, 2), (2, 3), (2, 4), (2, 5), (2, 6), (2, 9), (2, 10), (2, 13), (3, 13), (4, 7), (6, 8), (6, 10), (6, 11), (6, 12), (6, 14), (8, 9)]",12.093916564227511,10.132476608573478,7.6298188279802845,3.6008713832123984,3.49579409655553,3.415290756918202,2.0,1.9999999999999996,1.9999999999999978,1.8754710455432737,1.7970842638938862,1.4592083834628922,1.292103924278154,1.2079641453544288,-6.900118371604662e-16,164560
"(0, 9, 1)","[(0, 2), (0, 3), (0, 4), (0, 5), (0, 6), (0, 7), (0, 8), (0, 11), (0, 12), (0, 14), (0, 9), (1, 2), (2, 3), (2, 4), (2, 5), (2, 6), (2, 9), (2, 10), (2, 13), (3, 13), (4, 7), (6, 8), (6, 10), (6, 11), (6, 12), (6, 14), (8, 9)]",12.080747847793683,10.143189434087303,7.62426249049943,3.867453131169979,3.586987214076658,3.4774136243449987,2.0000000000000004,2.0,1.9999999999999993,1.8769427994925594,1.8519295651176162,1.3384885349937354,1.2563811297040381,0.8962042287200029,-6.761807414018163e-16,125920
"(0, 13, 1)","[(0, 2), (0, 3), (0, 4), (0, 5), (0, 6), (0, 7), (0, 8), (0, 11), (0, 12), (0, 14), (0, 13), (1, 2), (2, 3), (2, 4), (2, 5), (2, 6), (2, 9), (2, 10), (2, 13), (3, 13), (4, 7), (6, 8), (6, 10), (6, 11), (6, 12), (6, 14), (8, 9)]",12.083606846464422,10.131329106513116,7.629319818585962,4.000000000000003,3.5445626068502345,3.418040456541895,2.0000000000000004,2.0,2.0,1.8737711754649498,1.6698252873839592,1.446769886021162,1.2892492296710936,0.9135255865031886,7.69161624306827e-16,128704
"(1, 3, 1)","[(0, 2), (0, 3), (0, 4), (0, 5), (0, 6), (0, 7), (0, 8), (0, 11), (0, 12), (0, 14), (1, 2), (1, 3), (2, 3), (2, 4), (2, 5), (2, 6), (2, 9), (2, 10), (2, 13), (3, 13), (4, 7), (6, 8), (6, 10), (6, 11), (6, 12), (6, 14), (8, 9)]",11.228012719305445,10.020408089114195,7.615030789653262,4.628520677726387,3.531089508510928,3.41649893719621,1.9999999999999996,1.9999999999999996,1.9999999999999987,1.8987070225281615,1.8630945907824643,1.4580264365869504,1.2905450486395387,1.0500661799564717,-8.033401033815098e-16,178336
"(1, 6, 1)","[(0, 2), (0, 3), (0, 4), (0, 5), (0, 6), (0, 7), (0, 8), (0, 11), (0, 12), (0, 14), (1, 2), (1, 6), (2, 3), (2, 4), (2, 5), (2, 6), (2, 9), (2, 10), (2, 13), (3, 13), (4, 7), (6, 8), (6, 10), (6, 11), (6, 12), (6, 14), (8, 9)]",11.22324219364745,10.15530662191508,8.493336300939006,3.6039063208398527,3.4797227434847975,3.419806249050953,2.0000000000000004,2.0,1.9999999999999993,1.8959922285666788,1.769898797906115,1.4550060023192746,1.2773900478114666,1.22639249351933,-9.628349052560463e-16,169360
"(1, 11, 1)","[(0, 2), (0, 3), (0, 4), (0, 5), (0, 6), (0, 7), (0, 8), (0, 11), (0, 12), (0, 14), (1, 2), (1, 11), (2, 3), (2, 4), (2, 5), (2, 6), (2, 9), (2, 10), (2, 13), (3, 13), (4, 7), (6, 8), (6, 10), (6, 11), (6, 12), (6, 14), (8, 9)]",11.235580288617133,10.026784225940432,7.635220859408393,3.6180339887498967,3.5998723705918714,3.479049222355127,3.1976918484672905,2.0000000000000004,1.8993485944372566,1.8661218475457064,1.5444256063029618,1.3819660112501064,1.2747267246706155,1.2411784116632334,3.7359374961531555e-15,198900
"(1, 14, 1)","[(0, 2), (0, 3), (0, 4), (0, 5), (0, 6), (0, 7), (0, 8), (0, 11), (0, 12), (0, 14), (1, 2), (1, 14), (2, 3), (2, 4), (2, 5), (2, 6), (2, 9), (2, 10), (2, 13), (3, 13), (4, 7), (6, 8), (6, 10), (6, 11), (6, 12), (6, 14), (8, 9)]",11.235580288617133,10.026784225940434,7.635220859408394,3.6180339887498976,3.59987237059187,3.479049222355129,3.197691848467286,2.0000000000000004,1.8993485944372537,1.8661218475457038,1.544425606302959,1.3819660112501069,1.2747267246706167,1.2411784116632303,8.102088597430614e-16,198900
"(1, 4, 1)","[(0, 2), (0, 3), (0, 4), (0, 5), (0, 6), (0, 7), (0, 8), (0, 11), (0, 12), (0, 14), (1, 2), (1, 4), (2, 3), (2, 4), (2, 5), (2, 6), (2, 9), (2, 10), (2, 13), (3, 13), (4, 7), (6, 8), (6, 10), (6, 11), (6, 12), (6, 14), (8, 9)]",11.223839398087952,10.02192870017398,7.6159249162178675,4.647310282148502,3.5462570358983405,3.4157366470098203,1.9999999999999998,1.9999999999999996,1.9999999999999991,1.8948595129255965,1.7731211360358765,1.43086156590868,1.2810977188775265,1.1490630867159082,-5.689111928879619e-16,182016
"(1, 9, 1)","[(0, 2), (0, 3), (0, 4), (0, 5), (0, 6), (0, 7), (0, 8), (0, 11), (0, 12), (0, 14), (1, 2), (1, 9), (2, 3), (2, 4), (2, 5), (2, 6), (2, 9), (2, 10), (2, 13), (3, 13), (4, 7), (6, 8), (6, 10), (6, 11), (6, 12), (6, 14), (8, 9)]",11.214392072152373,10.015660185395149,7.61474178049066,4.135521225616736,3.585089254679235,3.4789879838318405,2.4859733566740703,1.9999999999999996,1.9999999999999987,1.899170759701525,1.8632090180150893,1.3642833029509196,1.2621066666389689,1.0808643938534157,-9.319967285706096e-16,192600
"(1, 12, 1)","[(0, 2), (0, 3), (0, 4), (0, 5), (0, 6), (0, 7), (0, 8), (0, 11), (0, 12), (0, 14), (1, 2), (1, 12), (2, 3), (2, 4), (2, 5), (2, 6), (2, 9), (2, 10), (2, 13), (3, 13), (4, 7), (6, 8), (6, 10), (6, 11), (6, 12), (6, 14), (8, 9)]",11.235580288617129,10.026784225940455,7.635220859408392,3.6180339887498985,3.5998723705918727,3.479049222355126,3.1976918484672847,2.0,1.8993485944372543,1.8661218475457055,1.544425606302958,1.3819660112501053,1.2747267246706149,1.241178411663229,6.621781180296158e-16,198900
"(1, 7, 1)","[(0, 2), (0, 3), (0, 4), (0, 5), (0, 6), (0, 7), (0, 8), (0, 11), (0, 12), (0, 14), (1, 2), (1, 7), (2, 3), (2, 4), (2, 5), (2, 6), (2, 9), (2, 10), (2, 13), (3, 13), (4, 7), (6, 8), (6, 10), (6, 11), (6, 12), (6, 14), (8, 9)]",11.235051679447976,10.021297900980606,7.616346855941335,4.133347168747333,3.5506608852951853,3.412329687589385,2.473343491263161,2.000000000000001,2.0000000000000004,1.8844261281814898,1.8441912308715793,1.4315769393037583,1.2692228831275263,1.1282051492506955,4.344943155178759e-16,201784
"(1, 5, 1)","[(0, 2), (0, 3), (0, 4), (0, 5), (0, 6), (0, 7), (0, 8), (0, 11), (0, 12), (0, 14), (1, 2), (1, 5), (2, 3), (2, 4), (2, 5), (2, 6), (2, 9), (2, 10), (2, 13), (3, 13), (4, 7), (6, 8), (6, 10), (6, 11), (6, 12), (6, 14), (8, 9)]",11.224663042207284,10.019025477866377,7.6144350521555095,3.618033988749894,3.594708919888164,3.433362648804286,3.3748702940660196,2.000000000000001,2.0,1.870673639057662,1.4610672702750551,1.3819660112501067,1.291226789816407,1.1159668658632171,-2.65718241086841e-16,187300
"(1, 10, 1)","[(0, 2), (0, 3), (0, 4), (0, 5), (0, 6), (0, 7), (0, 8), (0, 11), (0, 12), (0, 14), (1, 2), (1, 10), (2, 3), (2, 4), (2, 5), (2, 6), (2, 9), (2, 10), (2, 13), (3, 13), (4, 7), (6, 8), (6, 10), (6, 11), (6, 12), (6, 14), (8, 9)]",11.214148103076516,10.017049122002964,7.650662580413617,3.6180339887498953,3.514695083020225,3.4739684602040213,3.3612723819729706,2.0000000000000004,2.0,1.8938445223237959,1.4732284256884827,1.381966011250104,1.2695439012027594,1.1315874200946003,1.1134635817452955e-15,188500
"(1, 13, 1)","[(0, 2), (0, 3), (0, 4), (0, 5), (0, 6), (0, 7), (0, 8), (0, 11), (0, 12), (0, 14), (1, 2), (1, 13), (2, 3), (2, 4), (2, 5), (2, 6), (2, 9), (2, 10), (2, 13), (3, 13), (4, 7), (6, 8), (6, 10), (6, 11), (6, 12), (6, 14), (8, 9)]",11.214227061067643,10.015491899583322,7.6136368773145895,4.207699489609364,3.534977053672709,3.4170287789048523,2.5060585308299532,2.0,1.9999999999999996,1.8916335417492398,1.8583481239864437,1.45665954468674,1.290254229294949,0.9939848693001772,-3.065336996212385e-15,190744
"(1, 8, 1)","[(0, 2), (0, 3), (0, 4), (0, 5), (0, 6), (0, 7), (0, 8), (0, 11), (0, 12), (0, 14), (1, 2), (1, 8), (2, 3), (2, 4), (2, 5), (2, 6), (2, 9), (2, 10), (2, 13), (3, 13), (4, 7), (6, 8), (6, 10), (6, 11), (6, 12), (6, 14), (8, 9)]",11.24240462115967,10.031069119721606,7.649768929195726,4.419264087565367,3.581836348487677,3.47897614887662,2.000000000000001,2.0000000000000004,1.9999999999999998,1.8991794138453955,1.863399355967206,1.3962284378042766,1.2641975879214793,1.1736759494549764,-7.56875488912784e-16,185760
"(2, 8, 1)","[(0, 2), (0, 3), (0, 4), (0, 5), (0, 6), (0, 7), (0, 8), (0, 11), (0, 12), (0, 14), (1, 2), (2, 3), (2, 4), (2, 5), (2, 6), (2, 9), (2, 10), (2, 13), (2, 8), (3, 13), (4, 7), (6, 8), (6, 10), (6, 11), (6, 12), (6, 14), (8, 9)]",11.428361752145575,10.680034255603152,7.837521520394485,4.141560808520235,3.588234482427418,3.476336816258926,2.000000000000001,2.0000000000000004,1.9070902778748913,1.890322887735689,1.5415321214918578,1.3257900806502076,1.268007127444857,0.9152078694527007,1.8856139658153126e-15,112680
"(2, 14, 1)","[(0, 2), (0, 3), (0, 4), (0, 5), (0, 6), (0, 7), (0, 8), (0, 11), (0, 12), (0, 14), (1, 2), (2, 3), (2, 4), (2, 5), (2, 6), (2, 9), (2, 10), (2, 13), (2, 14), (3, 13), (4, 7), (6, 8), (6, 10), (6, 11), (6, 12), (6, 14), (8, 9)]",11.448254591568347,10.6741213493692,7.80017827368138,3.6032059092984667,3.5111789365610435,3.417408741779552,2.7518432789495373,2.0000000000000004,1.899246077452248,1.8792139263425325,1.4992025996872982,1.293359201825897,1.2925929707149106,0.9301941427695537,-7.207956838596138e-16,125820
"(2, 11, 1)","[(0, 2), (0, 3), (0, 4), (0, 5), (0, 6), (0, 7), (0, 8), (0, 11), (0, 12), (0, 14), (1, 2), (2, 3), (2, 4), (2, 5), (2, 6), (2, 9), (2, 10), (2, 13), (2, 11), (3, 13), (4, 7), (6, 8), (6, 10), (6, 11), (6, 12), (6, 14), (8, 9)]",11.448254591568354,10.6741213493692,7.800178273681388,3.603205909298469,3.5111789365610475,3.4174087417795507,2.7518432789495377,2.000000000000001,1.8992460774522477,1.87921392634253,1.4992025996872962,1.2933592018258968,1.292592970714912,0.930194142769553,-7.4162197531244e-16,125820
"(2, 12, 1)","[(0, 2), (0, 3), (0, 4), (0, 5), (0, 6), (0, 7), (0, 8), (0, 11), (0, 12), (0, 14), (1, 2), (2, 3), (2, 4), (2, 5), (2, 6), (2, 9), (2, 10), (2, 13), (2, 12), (3, 13), (4, 7), (6, 8), (6, 10), (6, 11), (6, 12), (6, 14), (8, 9)]",11.448254591568347,10.6741213493692,7.800178273681382,3.6032059092984685,3.5111789365610435,3.417408741779553,2.7518432789495346,2.0,1.8992460774522466,1.879213926342531,1.4992025996872969,1.2933592018258964,1.2925929707149104,0.9301941427695523,-1.0904289259497485e-15,125820
"(2, 7, 1)","[(0, 2), (0, 3), (0, 4), (0, 5), (0, 6), (0, 7), (0, 8), (0, 11), (0, 12), (0, 14), (1, 2), (2, 3), (2, 4), (2, 5), (2, 6), (2, 9), (2, 10), (2, 13), (2, 7), (3, 13), (4, 7), (6, 8), (6, 10), (6, 11), (6, 12), (6, 14), (8, 9)]",11.455929303658062,10.694846524037908,7.692300008488431,3.999999999999999,3.559131345110728,3.4143370350338107,2.000000000000001,2.0000000000000004,1.9999999999999998,1.868300289938856,1.7107718364463398,1.4320065309778922,1.256201403460651,0.9161757228472971,-1.1461285282633446e-16,128704
"(3, 7, 1)","[(0, 2), (0, 3), (0, 4), (0, 5), (0, 6), (0, 7), (0, 8), (0, 11), (0, 12), (0, 14), (1, 2), (2, 3), (2, 4), (2, 5), (2, 6), (2, 9), (2, 10), (2, 13), (3, 13), (3, 7), (4, 7), (6, 8), (6, 10), (6, 11), (6, 12), (6, 14), (8, 9)]",11.214874953895615,10.03820859548695,7.622461713695047,4.863946242368229,3.589394238469137,3.413847844490644,2.0000000000000018,2.0000000000000004,2.0,1.879069335588904,1.7890643451267947,1.4191400135634207,1.2623362278922055,0.9076564894230069,-1.4836698889854138e-15,149104
"(3, 10, 1)","[(0, 2), (0, 3), (0, 4), (0, 5), (0, 6), (0, 7), (0, 8), (0, 11), (0, 12), (0, 14), (1, 2), (2, 3), (2, 4), (2, 5), (2, 6), (2, 9), (2, 10), (2, 13), (3, 13), (3, 10), (4, 7), (6, 8), (6, 10), (6, 11), (6, 12), (6, 14), (8, 9)]",11.230580823197252,10.027988819707495,7.640166497392077,4.723379846228942,3.537771373895523,3.419475224473954,2.5348678440527648,2.0,1.9999999999999996,1.894008383034831,1.46119333151016,1.3434719202200978,1.2908756265259382,0.8962203097609542,-4.763067730653307e-16,142956
"(3, 9, 1)","[(0, 2), (0, 3), (0, 4), (0, 5), (0, 6), (0, 7), (0, 8), (0, 11), (0, 12), (0, 14), (1, 2), (2, 3), (2, 4), (2, 5), (2, 6), (2, 9), (2, 10), (2, 13), (3, 13), (3, 9), (4, 7), (6, 8), (6, 10), (6, 11), (6, 12), (6, 14), (8, 9)]",11.232889536713248,10.018483340457134,7.6191068885635636,4.847634166300061,3.563654309354214,3.4528773953924072,2.0000000000000013,1.9999999999999998,1.9999999999999987,1.899069144360276,1.8620145562979094,1.3319102038012915,1.276865157789493,0.8954953009703868,-1.3740635199435628e-15,146896
"(3, 12, 1)","[(0, 2), (0, 3), (0, 4), (0, 5), (0, 6), (0, 7), (0, 8), (0, 11), (0, 12), (0, 14), (1, 2), (2, 3), (2, 4), (2, 5), (2, 6), (2, 9), (2, 10), (2, 13), (3, 13), (3, 12), (4, 7), (6, 8), (6, 10), (6, 11), (6, 12), (6, 14), (8, 9)]",11.214972819437882,10.048371083770888,7.6273043723327785,4.771470706545069,3.5352750739896495,3.426271367589091,2.5044247977132184,2.0000000000000004,1.899431411328427,1.8652700719170434,1.49092678114884,1.4084170801425484,1.2928283318586786,0.9150361022258864,7.927233611902586e-16,145996
"(3, 4, 1)","[(0, 2), (0, 3), (0, 4), (0, 5), (0, 6), (0, 7), (0, 8), (0, 11), (0, 12), (0, 14), (1, 2), (2, 3), (2, 4), (2, 5), (2, 6), (2, 9), (2, 10), (2, 13), (3, 13), (3, 4), (4, 7), (6, 8), (6, 10), (6, 11), (6, 12), (6, 14), (8, 9)]",11.214452770790118,10.015518063557408,7.61371570090401,5.2897115408606314,3.4799402827653596,3.426063592185634,2.0,2.0,1.9048166288601722,1.8864522562081338,1.6005951106067484,1.400417586837993,1.2670996470756488,0.9012168193481298,-1.3325062153583635e-15,132280
"(3, 11, 1)","[(0, 2), (0, 3), (0, 4), (0, 5), (0, 6), (0, 7), (0, 8), (0, 11), (0, 12), (0, 14), (1, 2), (2, 3), (2, 4), (2, 5), (2, 6), (2, 9), (2, 10), (2, 13), (3, 13), (3, 11), (4, 7), (6, 8), (6, 10), (6, 11), (6, 12), (6, 14), (8, 9)]",11.2149728194379,10.048371083770883,7.627304372332771,4.771470706545056,3.535275073989653,3.426271367589082,2.504424797713213,1.9999999999999996,1.899431411328428,1.8652700719170416,1.4909267811488394,1.4084170801425455,1.29282833185868,0.9150361022258839,-1.42565374243305e-15,145996
"(3, 14, 1)","[(0, 2), (0, 3), (0, 4), (0, 5), (0, 6), (0, 7), (0, 8), (0, 11), (0, 12), (0, 14), (1, 2), (2, 3), (2, 4), (2, 5), (2, 6), (2, 9), (2, 10), (2, 13), (3, 13), (3, 14), (4, 7), (6, 8), (6, 10), (6, 11), (6, 12), (6, 14), (8, 9)]",11.21497281943789,10.048371083770885,7.62730437233279,4.7714707065450614,3.535275073989651,3.4262713675890883,2.504424797713208,2.0,1.8994314113284296,1.8652700719170439,1.4909267811488405,1.4084170801425482,1.2928283318586808,0.9150361022258864,2.2797500990299807e-15,145996
"(3, 6, 1)","[(0, 2), (0, 3), (0, 4), (0, 5), (0, 6), (0, 7), (0, 8), (0, 11), (0, 12), (0, 14), (1, 2), (2, 3), (2, 4), (2, 5), (2, 6), (2, 9), (2, 10), (2, 13), (3, 13), (3, 6), (4, 7), (6, 8), (6, 10), (6, 11), (6, 12), (6, 14), (8, 9)]",11.215567169421787,10.111544665870628,8.62463731788913,4.19132997894421,3.5207564496982053,3.4134960240511143,2.0000000000000004,1.9999999999999996,1.9006216444894322,1.8804988747790705,1.4807269909962806,1.4596440368280443,1.2930449781594684,0.9081318688726394,4.1603408151330967e-16,119176
"(3, 5, 1)","[(0, 2), (0, 3), (0, 4), (0, 5), (0, 6), (0, 7), (0, 8), (0, 11), (0, 12), (0, 14), (1, 2), (2, 3), (2, 4), (2, 5), (2, 6), (2, 9), (2, 10), (2, 13), (3, 13), (3, 5), (4, 7), (6, 8), (6, 10), (6, 11), (6, 12), (6, 14), (8, 9)]",11.214270252442422,10.015516636822088,7.613660674183236,4.858665013305388,3.539175403032823,3.4175228476656656,2.5192243178492637,2.0000000000000013,2.0000000000000004,1.8705390711847762,1.463459726808312,1.309489951164063,1.2830481737446824,0.8954279317972923,-6.304494819902935e-16,139036
"(3, 8, 1)","[(0, 2), (0, 3), (0, 4), (0, 5), (0, 6), (0, 7), (0, 8), (0, 11), (0, 12), (0, 14), (1, 2), (2, 3), (2, 4), (2, 5), (2, 6), (2, 9), (2, 10), (2, 13), (3, 13), (3, 8), (4, 7), (6, 8), (6, 10), (6, 11), (6, 12), (6, 14), (8, 9)]",11.216695203240562,10.056149020372711,7.640091752981241,5.115786475277634,3.5247103315518884,3.437779666239519,1.9999999999999998,1.9999999999999993,1.8993074422520393,1.8636454240221751,1.6945332055714153,1.3584472067774738,1.2884698844160516,0.9043843872972678,1.3407128220571768e-15,135256
"(4, 8, 1)","[(0, 2), (0, 3), (0, 4), (0, 5), (0, 6), (0, 7), (0, 8), (0, 11), (0, 12), (0, 14), (1, 2), (2, 3), (2, 4), (2, 5), (2, 6), (2, 9), (2, 10), (2, 13), (3, 13), (4, 7), (4, 8), (6, 8), (6, 10), (6, 11), (6, 12), (6, 14), (8, 9)]",11.219141360746942,10.060076725734177,7.636512916568181,5.060424217081361,3.587592356266213,3.4551509086922616,2.0,1.9999999999999996,1.9059718078055108,1.8832216016674572,1.595327569644937,1.4436240283807962,1.259002933239328,0.8939535741728281,2.2094627737637742e-15,134136
"(4, 13, 1)","[(0, 2), (0, 3), (0, 4), (0, 5), (0, 6), (0, 7), (0, 8), (0, 11), (0, 12), (0, 14), (1, 2), (2, 3), (2, 4), (2, 5), (2, 6), (2, 9), (2, 10), (2, 13), (3, 13), (4, 7), (4, 13), (6, 8), (6, 10), (6, 11), (6, 12), (6, 14), (8, 9)]",11.22673454674594,10.023572455101482,7.616770201434268,4.875452687317829,3.5967316790244306,3.4123685299372846,2.000000000000001,1.9999999999999996,1.9999999999999996,1.8977281663282475,1.74665036168522,1.4222154953872097,1.274643357641099,0.9071325193970059,2.908682789584052e-16,149104
"(4, 10, 1)","[(0, 2), (0, 3), (0, 4), (0, 5), (0, 6), (0, 7), (0, 8), (0, 11), (0, 12), (0, 14), (1, 2), (2, 3), (2, 4), (2, 5), (2, 6), (2, 9), (2, 10), (2, 13), (3, 13), (4, 7), (4, 10), (6, 8), (6, 10), (6, 11), (6, 12), (6, 14), (8, 9)]",11.225973642894854,10.030386884232453,7.6370323853213264,4.769202817720361,3.544426265602466,3.4138424146368114,2.4214652688303335,2.0,1.9999999999999993,1.8934617377042726,1.5321940639058096,1.3794776597761533,1.2579850185118095,0.8945518408633816,2.044751566168546e-16,144316
"(4, 5, 1)","[(0, 2), (0, 3), (0, 4), (0, 5), (0, 6), (0, 7), (0, 8), (0, 11), (0, 12), (0, 14), (1, 2), (2, 3), (2, 4), (2, 5), (2, 6), (2, 9), (2, 10), (2, 13), (3, 13), (4, 7), (4, 5), (6, 8), (6, 10), (6, 11), (6, 12), (6, 14), (8, 9)]",11.214092268986366,10.015819727650703,7.613948174930129,4.853794255804386,3.554197693659159,3.4141635035111,2.508970408098535,1.9999999999999996,1.9999999999999987,1.8664682423152177,1.4720072040146983,1.334769263369328,1.2561964848521145,0.895572772808248,-1.5979455457804712e-15,139036
"(4, 12, 1)","[(0, 2), (0, 3), (0, 4), (0, 5), (0, 6), (0, 7), (0, 8), (0, 11), (0, 12), (0, 14), (1, 2), (2, 3), (2, 4), (2, 5), (2, 6), (2, 9), (2, 10), (2, 13), (3, 13), (4, 7), (4, 12), (6, 8), (6, 10), (6, 11), (6, 12), (6, 14), (8, 9)]",11.216550675537581,10.051952131690186,7.6249017568216155,4.737036017878344,3.5454388854773486,3.4122462444895527,2.5606670077414346,1.9999999999999998,1.900680567592932,1.875159453133598,1.5603705615304153,1.3522940141872326,1.2645574648226805,0.8981452190970584,-6.835802132969228e-16,143676
"(4, 9, 1)","[(0, 2), (0, 3), (0, 4), (0, 5), (0, 6), (0, 7), (0, 8), (0, 11), (0, 12), (0, 14), (1, 2), (2, 3), (2, 4), (2, 5), (2, 6), (2, 9), (2, 10), (2, 13), (3, 13), (4, 7), (4, 9), (6, 8), (6, 10), (6, 11), (6, 12), (6, 14), (8, 9)]",11.227960695972076,10.019708945697678,7.620822992939302,4.895927554486001,3.5339286229489186,3.4248502107491148,2.0000000000000004,2.0,1.9999999999999996,1.8953502291191877,1.8204408696529852,1.4092277659643042,1.2570920351163777,0.8946900773540634,-5.542479193388165e-16,148176
"(4, 14, 1)","[(0, 2), (0, 3), (0, 4), (0, 5), (0, 6), (0, 7), (0, 8), (0, 11), (0, 12), (0, 14), (1, 2), (2, 3), (2, 4), (2, 5), (2, 6), (2, 9), (2, 10), (2, 13), (3, 13), (4, 7), (4, 14), (6, 8), (6, 10), (6, 11), (6, 12), (6, 14), (8, 9)]",11.216550675537611,10.05195213169019,7.624901756821604,4.737036017878327,3.5454388854773486,3.412246244489553,2.560667007741437,1.9999999999999998,1.9006805675929312,1.8751594531335998,1.5603705615304169,1.3522940141872324,1.264557464822683,0.8981452190970619,2.665363207142145e-16,143676
"(4, 11, 1)","[(0, 2), (0, 3), (0, 4), (0, 5), (0, 6), (0, 7), (0, 8), (0, 11), (0, 12), (0, 14), (1, 2), (2, 3), (2, 4), (2, 5), (2, 6), (2, 9), (2, 10), (2, 13), (3, 13), (4, 7), (4, 11), (6, 8), (6, 10), (6, 11), (6, 12), (6, 14), (8, 9)]",11.216550675537611,10.05195213169019,7.6249017568216075,4.737036017878328,3.545438885477345,3.4122462444895545,2.560667007741435,2.0,1.9006805675929312,1.8751594531335996,1.5603705615304144,1.3522940141872315,1.2645574648226818,0.8981452190970626,-1.2674949619740494e-15,143676
"(4, 6, 1)","[(0, 2), (0, 3), (0, 4), (0, 5), (0, 6), (0, 7), (0, 8), (0, 11), (0, 12), (0, 14), (1, 2), (2, 3), (2, 4), (2, 5), (2, 6), (2, 9), (2, 10), (2, 13), (3, 13), (4, 7), (4, 6), (6, 8), (6, 10), (6, 11), (6, 12), (6, 14), (8, 9)]",11.214338461251058,10.105167133229651,8.640863630304391,4.140289216232128,3.5480380673921004,3.419377347221006,2.0,1.999999999999999,1.899594707568529,1.864584395783095,1.6169769043368483,1.3955096196926506,1.2609401957657922,0.894320321222739,-1.944552170416988e-15,118216
"(5, 13, 1)","[(0, 2), (0, 3), (0, 4), (0, 5), (0, 6), (0, 7), (0, 8), (0, 11), (0, 12), (0, 14), (1, 2), (2, 3), (2, 4), (2, 5), (2, 6), (2, 9), (2, 10), (2, 13), (3, 13), (4, 7), (5, 13), (6, 8), (6, 10), (6, 11), (6, 12), (6, 14), (8, 9)]",11.227639402236813,10.020229624616277,7.614915385168383,4.292713746728629,3.526367786367447,3.4159159398349166,3.0000000000000013,1.9999999999999991,1.9999999999999982,1.8710971845525428,1.4727363751177114,1.3705906654230093,1.2879789980962089,0.8998148918580628,-1.5882521332219082e-15,155124
"(5, 8, 1)","[(0, 2), (0, 3), (0, 4), (0, 5), (0, 6), (0, 7), (0, 8), (0, 11), (0, 12), (0, 14), (1, 2), (2, 3), (2, 4), (2, 5), (2, 6), (2, 9), (2, 10), (2, 13), (3, 13), (4, 7), (5, 8), (6, 8), (6, 10), (6, 11), (6, 12), (6, 14), (8, 9)]",11.21831337823747,10.051141180303482,7.6407568365144,4.62487495995669,3.585711749300214,3.4789091693723564,2.5507841871511947,2.0,1.9999999999999991,1.8704113066179913,1.497050009487679,1.3213511340492634,1.2631935574966273,0.8975025315126849,-8.221754606740315e-16,141820
"(5, 11, 1)","[(0, 2), (0, 3), (0, 4), (0, 5), (0, 6), (0, 7), (0, 8), (0, 11), (0, 12), (0, 14), (1, 2), (2, 3), (2, 4), (2, 5), (2, 6), (2, 9), (2, 10), (2, 13), (3, 13), (4, 7), (5, 11), (6, 8), (6, 10), (6, 11), (6, 12), (6, 14), (8, 9)]",11.216010930578665,10.044050989518235,7.628201621357062,3.9016638295580606,3.5998717302439127,3.4672602027293817,3.358119334779247,1.9999999999999996,1.9574425424762882,1.8727158891119449,1.4755081053926875,1.2961989171339126,1.2775055044495054,0.9054504026711029,4.381885952142639e-16,151960
"(5, 14, 1)","[(0, 2), (0, 3), (0, 4), (0, 5), (0, 6), (0, 7), (0, 8), (0, 11), (0, 12), (0, 14), (1, 2), (2, 3), (2, 4), (2, 5), (2, 6), (2, 9), (2, 10), (2, 13), (3, 13), (4, 7), (5, 14), (6, 8), (6, 10), (6, 11), (6, 12), (6, 14), (8, 9)]",11.216010930578644,10.04405098951823,7.628201621357054,3.9016638295580583,3.5998717302439154,3.467260202729372,3.358119334779246,2.0000000000000004,1.9574425424762862,1.8727158891119435,1.4755081053926884,1.2961989171339123,1.277505504449505,0.905450402671099,9.298289846727416e-16,151960
"(5, 9, 1)","[(0, 2), (0, 3), (0, 4), (0, 5), (0, 6), (0, 7), (0, 8), (0, 11), (0, 12), (0, 14), (1, 2), (2, 3), (2, 4), (2, 5), (2, 6), (2, 9), (2, 10), (2, 13), (3, 13), (4, 7), (5, 9), (6, 8), (6, 10), (6, 11), (6, 12), (6, 14), (8, 9)]",11.228898846002888,10.01743165364493,7.6176863589642405,4.262635146933369,3.5840251415685285,3.476697929473581,2.8758300373198344,2.0000000000000004,1.9999999999999996,1.8702231158817755,1.5865628559200522,1.3282224346969742,1.2581612262022261,0.8936252533916094,-2.0142405666024261e-16,154660
"(5, 6, 1)","[(0, 2), (0, 3), (0, 4), (0, 5), (0, 6), (0, 7), (0, 8), (0, 11), (0, 12), (0, 14), (1, 2), (2, 3), (2, 4), (2, 5), (2, 6), (2, 9), (2, 10), (2, 13), (3, 13), (4, 7), (5, 6), (6, 8), (6, 10), (6, 11), (6, 12), (6, 14), (8, 9)]",11.214558026441985,10.114826239456855,8.577809074340506,3.604232942517938,3.4993208432059557,3.4303564223386362,2.755665336064649,2.0000000000000004,1.9999999999999991,1.867210266952911,1.463595428953662,1.3027338654251446,1.2704660883083883,0.899225465993356,-8.384446162280146e-17,125820
"(5, 12, 1)","[(0, 2), (0, 3), (0, 4), (0, 5), (0, 6), (0, 7), (0, 8), (0, 11), (0, 12), (0, 14), (1, 2), (2, 3), (2, 4), (2, 5), (2, 6), (2, 9), (2, 10), (2, 13), (3, 13), (4, 7), (5, 12), (6, 8), (6, 10), (6, 11), (6, 12), (6, 14), (8, 9)]",11.216010930578644,10.04405098951823,7.6282016213570545,3.9016638295580606,3.5998717302439176,3.467260202729376,3.358119334779246,2.0,1.9574425424762876,1.872715889111946,1.4755081053926864,1.2961989171339134,1.2775055044495063,0.9054504026711004,8.184558195630642e-16,151960
"(5, 10, 1)","[(0, 2), (0, 3), (0, 4), (0, 5), (0, 6), (0, 7), (0, 8), (0, 11), (0, 12), (0, 14), (1, 2), (2, 3), (2, 4), (2, 5), (2, 6), (2, 9), (2, 10), (2, 13), (3, 13), (4, 7), (5, 10), (6, 8), (6, 10), (6, 11), (6, 12), (6, 14), (8, 9)]",11.2268566114012,10.025628603451507,7.641021803938641,3.8481789021222,3.5903278942006405,3.4639055521707722,3.4107067348908244,2.0,1.9999999999999998,1.8673876578639046,1.4655419353080206,1.3059037306553691,1.2608366822023378,0.8937038917946237,1.7341490680756042e-16,150760
"(5, 7, 1)","[(0, 2), (0, 3), (0, 4), (0, 5), (0, 6), (0, 7), (0, 8), (0, 11), (0, 12), (0, 14), (1, 2), (2, 3), (2, 4), (2, 5), (2, 6), (2, 9), (2, 10), (2, 13), (3, 13), (4, 7), (5, 7), (6, 8), (6, 10), (6, 11), (6, 12), (6, 14), (8, 9)]",11.215865060681224,10.034734208678456,7.620499096643875,4.266322989617721,3.541663765267178,3.413607599356474,2.9999999999999982,2.0,2.0,1.8667557835418631,1.4999570571425824,1.3840110077656922,1.2561990695218974,0.9003843617830122,-2.6722807118954156e-16,155124
"(6, 9, 1)","[(0, 2), (0, 3), (0, 4), (0, 5), (0, 6), (0, 7), (0, 8), (0, 11), (0, 12), (0, 14), (1, 2), (2, 3), (2, 4), (2, 5), (2, 6), (2, 9), (2, 10), (2, 13), (3, 13), (4, 7), (6, 8), (6, 10), (6, 11), (6, 12), (6, 14), (6, 9), (8, 9)]",11.227657973007355,10.143532934992269,8.482485198133757,3.889261994333488,3.5741877069120567,3.4791031569731903,2.0000000000000013,2.0,1.9999999999999998,1.897019619323719,1.838873952943309,1.3132768352804511,1.256962036966491,0.8976385911339331,-8.621032391534685e-16,128800
"(6, 7, 1)","[(0, 2), (0, 3), (0, 4), (0, 5), (0, 6), (0, 7), (0, 8), (0, 11), (0, 12), (0, 14), (1, 2), (2, 3), (2, 4), (2, 5), (2, 6), (2, 9), (2, 10), (2, 13), (3, 13), (4, 7), (6, 8), (6, 10), (6, 11), (6, 12), (6, 14), (6, 7), (8, 9)]",11.21926431947444,10.224975883833425,8.419928721443176,3.9019453428761435,3.5398673922664954,3.4129823255099185,1.9999999999999998,1.9999999999999993,1.9999999999999982,1.8639856919342463,1.8472803028017575,1.4171591802379597,1.2585080958657602,0.8941027437566349,5.096583787037107e-16,133344
"(6, 13, 1)","[(0, 2), (0, 3), (0, 4), (0, 5), (0, 6), (0, 7), (0, 8), (0, 11), (0, 12), (0, 14), (1, 2), (2, 3), (2, 4), (2, 5), (2, 6), (2, 9), (2, 10), (2, 13), (3, 13), (4, 7), (6, 8), (6, 10), (6, 11), (6, 12), (6, 14), (6, 13), (8, 9)]",11.226506868762527,10.165318834759487,8.50319234207318,3.857279799657032,3.541372898409351,3.422159757396208,1.9999999999999998,1.9999999999999996,1.9999999999999984,1.8954123076144356,1.7234808222520925,1.4581492875728341,1.2927345759543585,0.9143925055484896,5.239015675229973e-16,136224
"(7, 12, 1)","[(0, 2), (0, 3), (0, 4), (0, 5), (0, 6), (0, 7), (0, 8), (0, 11), (0, 12), (0, 14), (1, 2), (2, 3), (2, 4), (2, 5), (2, 6), (2, 9), (2, 10), (2, 13), (3, 13), (4, 7), (6, 8), (6, 10), (6, 11), (6, 12), (6, 14), (7, 12), (8, 9)]",11.214067884770758,10.016359381508574,7.655954133590004,4.315195968306875,3.557251735206643,3.4210445889359913,2.8611715960430377,1.9999999999999996,1.9056076789107452,1.8721527886899758,1.6435716911774105,1.3831329404824975,1.2605387183049142,0.8939508940725601,-8.224038625848825e-16,157444
"(7, 11, 1)","[(0, 2), (0, 3), (0, 4), (0, 5), (0, 6), (0, 7), (0, 8), (0, 11), (0, 12), (0, 14), (1, 2), (2, 3), (2, 4), (2, 5), (2, 6), (2, 9), (2, 10), (2, 13), (3, 13), (4, 7), (6, 8), (6, 10), (6, 11), (6, 12), (6, 14), (7, 11), (8, 9)]",11.214067884770746,10.016359381508583,7.655954133590012,4.31519596830687,3.557251735206636,3.421044588935981,2.861171596043042,1.9999999999999998,1.9056076789107443,1.8721527886899767,1.643571691177408,1.3831329404824964,1.2605387183049164,0.8939508940725641,-1.7254513019461593e-16,157444
"(7, 14, 1)","[(0, 2), (0, 3), (0, 4), (0, 5), (0, 6), (0, 7), (0, 8), (0, 11), (0, 12), (0, 14), (1, 2), (2, 3), (2, 4), (2, 5), (2, 6), (2, 9), (2, 10), (2, 13), (3, 13), (4, 7), (6, 8), (6, 10), (6, 11), (6, 12), (6, 14), (7, 14), (8, 9)]",11.214067884770746,10.016359381508584,7.655954133590011,4.315195968306868,3.5572517352066364,3.4210445889359833,2.8611715960430417,2.0000000000000004,1.9056076789107448,1.8721527886899756,1.6435716911774096,1.3831329404824975,1.2605387183049175,0.893950894072562,-2.0976411114172175e-16,157444
"(7, 13, 1)","[(0, 2), (0, 3), (0, 4), (0, 5), (0, 6), (0, 7), (0, 8), (0, 11), (0, 12), (0, 14), (1, 2), (2, 3), (2, 4), (2, 5), (2, 6), (2, 9), (2, 10), (2, 13), (3, 13), (4, 7), (6, 8), (6, 10), (6, 11), (6, 12), (6, 14), (7, 13), (8, 9)]",11.239224456284951,10.020117316826859,7.615807346526831,4.522745460278669,3.4795861167294206,3.418949410013965,2.3595688621707818,2.0000000000000004,1.9999999999999993,1.8979195070128396,1.837137834165954,1.427097386028891,1.268443911335837,0.9134023926249916,-1.8304053895404607e-15,167400
"(7, 8, 1)","[(0, 2), (0, 3), (0, 4), (0, 5), (0, 6), (0, 7), (0, 8), (0, 11), (0, 12), (0, 14), (1, 2), (2, 3), (2, 4), (2, 5), (2, 6), (2, 9), (2, 10), (2, 13), (3, 13), (4, 7), (6, 8), (6, 10), (6, 11), (6, 12), (6, 14), (7, 8), (8, 9)]",11.214549581161956,10.017844110461603,7.677712262916384,4.813107850722251,3.5462837754457732,3.4614936042695272,2.0,1.9999999999999998,1.9999999999999991,1.875947691365332,1.7821944231448514,1.4589092472608227,1.2577263156987424,0.8942311375527703,9.413962535973094e-16,149104
"(7, 10, 1)","[(0, 2), (0, 3), (0, 4), (0, 5), (0, 6), (0, 7), (0, 8), (0, 11), (0, 12), (0, 14), (1, 2), (2, 3), (2, 4), (2, 5), (2, 6), (2, 9), (2, 10), (2, 13), (3, 13), (4, 7), (6, 8), (6, 10), (6, 11), (6, 12), (6, 14), (7, 10), (8, 9)]",11.238115978705615,10.016807836781728,7.674651641840732,4.18587653935137,3.557018560762156,3.4140800658036468,2.8408564082784777,2.0000000000000004,1.9999999999999991,1.89654465649417,1.613235200580582,1.4076111436937928,1.25712058576732,0.898081381940415,-8.564971685431937e-16,161764
"(7, 9, 1)","[(0, 2), (0, 3), (0, 4), (0, 5), (0, 6), (0, 7), (0, 8), (0, 11), (0, 12), (0, 14), (1, 2), (2, 3), (2, 4), (2, 5), (2, 6), (2, 9), (2, 10), (2, 13), (3, 13), (4, 7), (6, 8), (6, 10), (6, 11), (6, 12), (6, 14), (7, 9), (8, 9)]",11.240997662441142,10.024014153143106,7.6139672331097,4.416067568273245,3.590380588610353,3.452604940180271,2.3308043398033425,1.9999999999999998,1.9999999999999987,1.884964586969668,1.85227902676911,1.4391332219245228,1.2567159098916314,0.8980707688839339,1.7294647748949228e-15,165544
"(8, 13, 1)","[(0, 2), (0, 3), (0, 4), (0, 5), (0, 6), (0, 7), (0, 8), (0, 11), (0, 12), (0, 14), (1, 2), (2, 3), (2, 4), (2, 5), (2, 6), (2, 9), (2, 10), (2, 13), (3, 13), (4, 7), (6, 8), (6, 10), (6, 11), (6, 12), (6, 14), (8, 9), (8, 13)]",11.24732188422044,10.029178431717195,7.654133896148113,4.6913472146323665,3.5954753158162913,3.470166613621282,2.0000000000000004,1.9999999999999998,1.9999999999999984,1.8807458058493385,1.8384413376641864,1.3902645843434491,1.2924872086215626,0.9104377073657585,1.503307267891577e-15,152464
"(8, 10, 1)","[(0, 2), (0, 3), (0, 4), (0, 5), (0, 6), (0, 7), (0, 8), (0, 11), (0, 12), (0, 14), (1, 2), (2, 3), (2, 4), (2, 5), (2, 6), (2, 9), (2, 10), (2, 13), (3, 13), (4, 7), (6, 8), (6, 10), (6, 11), (6, 12), (6, 14), (8, 9), (8, 10)]",11.245724890934381,10.0227058783007,7.613616981504363,4.680724586349669,3.581091783930933,3.4790713511973426,2.5109452016296445,1.9999999999999996,1.9999999999999993,1.893669458883257,1.5247386054562222,1.2945212830572541,1.2568448075011027,0.8963451712551307,-2.1059251999785828e-15,141100
"(8, 12, 1)","[(0, 2), (0, 3), (0, 4), (0, 5), (0, 6), (0, 7), (0, 8), (0, 11), (0, 12), (0, 14), (1, 2), (2, 3), (2, 4), (2, 5), (2, 6), (2, 9), (2, 10), (2, 13), (3, 13), (4, 7), (6, 8), (6, 10), (6, 11), (6, 12), (6, 14), (8, 9), (8, 12)]",11.214479361364635,10.015738795673983,7.615364209912432,4.817432589559177,3.587907148543889,3.4789969385649853,2.4590410569777275,2.0000000000000004,1.8993296480848283,1.865793475648414,1.5877319650925341,1.3043012364215396,1.257606893135727,0.8962766810201465,-6.524668268252867e-16,139500
"(8, 14, 1)","[(0, 2), (0, 3), (0, 4), (0, 5), (0, 6), (0, 7), (0, 8), (0, 11), (0, 12), (0, 14), (1, 2), (2, 3), (2, 4), (2, 5), (2, 6), (2, 9), (2, 10), (2, 13), (3, 13), (4, 7), (6, 8), (6, 10), (6, 11), (6, 12), (6, 14), (8, 9), (8, 14)]",11.214479361364607,10.015738795673988,7.615364209912397,4.817432589559173,3.587907148543884,3.4789969385649777,2.45904105697772,2.0000000000000004,1.8993296480848298,1.8657934756484151,1.587731965092535,1.3043012364215403,1.2576068931357278,0.8962766810201475,-5.703168597923763e-16,139500
"(8, 11, 1)","[(0, 2), (0, 3), (0, 4), (0, 5), (0, 6), (0, 7), (0, 8), (0, 11), (0, 12), (0, 14), (1, 2), (2, 3), (2, 4), (2, 5), (2, 6), (2, 9), (2, 10), (2, 13), (3, 13), (4, 7), (6, 8), (6, 10), (6, 11), (6, 12), (6, 14), (8, 9), (8, 11)]",11.214479361364624,10.015738795673975,7.615364209912397,4.817432589559171,3.587907148543882,3.4789969385649746,2.45904105697772,1.9999999999999998,1.8993296480848259,1.8657934756484151,1.5877319650925346,1.304301236421539,1.2576068931357265,0.896276681020147,2.967353398896503e-16,139500
"(9, 11, 1)","[(0, 2), (0, 3), (0, 4), (0, 5), (0, 6), (0, 7), (0, 8), (0, 11), (0, 12), (0, 14), (1, 2), (2, 3), (2, 4), (2, 5), (2, 6), (2, 9), (2, 10), (2, 13), (3, 13), (4, 7), (6, 8), (6, 10), (6, 11), (6, 12), (6, 14), (8, 9), (9, 11)]",11.241644753675253,10.030518935146661,7.647015842846969,4.053651257004858,3.5756800025576934,3.478956506097728,2.9999999999999982,2.0,1.8994331447890538,1.8680229884137924,1.731316799451127,1.3128835920099367,1.2584509906632038,0.9024251873437351,8.438381722330936e-16,159300
"(9, 14, 1)","[(0, 2), (0, 3), (0, 4), (0, 5), (0, 6), (0, 7), (0, 8), (0, 11), (0, 12), (0, 14), (1, 2), (2, 3), (2, 4), (2, 5), (2, 6), (2, 9), (2, 10), (2, 13), (3, 13), (4, 7), (6, 8), (6, 10), (6, 11), (6, 12), (6, 14), (8, 9), (9, 14)]",11.241644753675239,10.030518935146654,7.647015842846974,4.053651257004862,3.575680002557694,3.478956506097724,3.0000000000000004,1.999999999999999,1.8994331447890531,1.868022988413793,1.7313167994511265,1.3128835920099338,1.2584509906632013,0.9024251873437323,-1.2339647354476348e-15,159300
"(9, 12, 1)","[(0, 2), (0, 3), (0, 4), (0, 5), (0, 6), (0, 7), (0, 8), (0, 11), (0, 12), (0, 14), (1, 2), (2, 3), (2, 4), (2, 5), (2, 6), (2, 9), (2, 10), (2, 13), (3, 13), (4, 7), (6, 8), (6, 10), (6, 11), (6, 12), (6, 14), (8, 9), (9, 12)]",11.241644753675246,10.030518935146661,7.647015842846972,4.053651257004853,3.5756800025576987,3.4789565060977234,3.0000000000000013,1.9999999999999998,1.8994331447890538,1.8680229884137933,1.7313167994511283,1.3128835920099344,1.2584509906632015,0.9024251873437341,-1.5287734356714932e-15,159300
"(9, 10, 1)","[(0, 2), (0, 3), (0, 4), (0, 5), (0, 6), (0, 7), (0, 8), (0, 11), (0, 12), (0, 14), (1, 2), (2, 3), (2, 4), (2, 5), (2, 6), (2, 9), (2, 10), (2, 13), (3, 13), (4, 7), (6, 8), (6, 10), (6, 11), (6, 12), (6, 14), (8, 9), (9, 10)]",11.214147904563525,10.018636670874894,7.6666633367601,4.180579732071954,3.589992553332362,3.4787284548388406,2.89157384038974,1.9999999999999996,1.9999999999999991,1.8938335377775901,1.6149078972311603,1.3011106399475036,1.2562113220027085,0.8936141102096331,-1.3314549266567979e-15,154900
"(9, 13, 1)","[(0, 2), (0, 3), (0, 4), (0, 5), (0, 6), (0, 7), (0, 8), (0, 11), (0, 12), (0, 14), (1, 2), (2, 3), (2, 4), (2, 5), (2, 6), (2, 9), (2, 10), (2, 13), (3, 13), (4, 7), (6, 8), (6, 10), (6, 11), (6, 12), (6, 14), (8, 9), (9, 13)]",11.214094618780408,10.016025795801392,7.614377830608357,4.573315359538542,3.530525174674298,3.440410284413873,2.326648105677561,2.0,2.0,1.8932111769103108,1.8571587899512325,1.3467971628734854,1.2879294233780199,0.8995062773924855,1.8045453352515544e-16,161704
"(10, 13, 1)","[(0, 2), (0, 3), (0, 4), (0, 5), (0, 6), (0, 7), (0, 8), (0, 11), (0, 12), (0, 14), (1, 2), (2, 3), (2, 4), (2, 5), (2, 6), (2, 9), (2, 10), (2, 13), (3, 13), (4, 7), (6, 8), (6, 10), (6, 11), (6, 12), (6, 14), (8, 9), (10, 13)]",11.21407887585232,10.016437061523359,7.655230180916422,4.332784136964053,3.5291122763278593,3.4139039361375527,2.8599154935759703,2.0000000000000013,1.9999999999999998,1.8964841702813406,1.4596548535927079,1.4285067844329071,1.2930432743482096,0.900848956047329,-2.3210761015937177e-15,157684
"(10, 14, 1)","[(0, 2), (0, 3), (0, 4), (0, 5), (0, 6), (0, 7), (0, 8), (0, 11), (0, 12), (0, 14), (1, 2), (2, 3), (2, 4), (2, 5), (2, 6), (2, 9), (2, 10), (2, 13), (3, 13), (4, 7), (6, 8), (6, 10), (6, 11), (6, 12), (6, 14), (8, 9), (10, 14)]",11.238479916374429,10.019929932945727,7.615599948027481,3.901641291095717,3.5967429956831944,3.478256385530265,3.378953215445081,1.9999999999999993,1.9525235002096053,1.8930910212266887,1.4614036811448479,1.2990136107553127,1.2607010469363642,0.9036634546252957,5.669541438347867e-16,150760
"(10, 11, 1)","[(0, 2), (0, 3), (0, 4), (0, 5), (0, 6), (0, 7), (0, 8), (0, 11), (0, 12), (0, 14), (1, 2), (2, 3), (2, 4), (2, 5), (2, 6), (2, 9), (2, 10), (2, 13), (3, 13), (4, 7), (6, 8), (6, 10), (6, 11), (6, 12), (6, 14), (8, 9), (10, 11)]",11.238479916374436,10.01992993294573,7.615599948027474,3.9016412910957152,3.5967429956831984,3.4782563855302673,3.3789532154450845,2.0,1.9525235002096066,1.8930910212266905,1.4614036811448472,1.2990136107553132,1.2607010469363655,0.903663454625293,-3.168143578283298e-16,150760
"(10, 12, 1)","[(0, 2), (0, 3), (0, 4), (0, 5), (0, 6), (0, 7), (0, 8), (0, 11), (0, 12), (0, 14), (1, 2), (2, 3), (2, 4), (2, 5), (2, 6), (2, 9), (2, 10), (2, 13), (3, 13), (4, 7), (6, 8), (6, 10), (6, 11), (6, 12), (6, 14), (8, 9), (10, 12)]",11.23847991637443,10.019929932945752,7.615599948027492,3.9016412910957103,3.59674299568319,3.478256385530264,3.378953215445077,1.9999999999999993,1.9525235002096062,1.8930910212266894,1.4614036811448485,1.2990136107553092,1.2607010469363664,0.9036634546252975,8.656766552623105e-16,150760
"(11, 14, 1)","[(0, 2), (0, 3), (0, 4), (0, 5), (0, 6), (0, 7), (0, 8), (0, 11), (0, 12), (0, 14), (1, 2), (2, 3), (2, 4), (2, 5), (2, 6), (2, 9), (2, 10), (2, 13), (3, 13), (4, 7), (6, 8), (6, 10), (6, 11), (6, 12), (6, 14), (8, 9), (11, 14)]",11.214065438797961,10.015414669194621,7.613593100331003,4.000000000000002,3.6005152132930527,3.4791031569738156,3.412216292800992,2.0000000000000004,1.8991799951880677,1.8634184324237433,1.459650153299206,1.2930574662359386,1.2561906506111522,0.8935954308504235,7.88542231330706e-16,146160
"(11, 13, 1)","[(0, 2), (0, 3), (0, 4), (0, 5), (0, 6), (0, 7), (0, 8), (0, 11), (0, 12), (0, 14), (1, 2), (2, 3), (2, 4), (2, 5), (2, 6), (2, 9), (2, 10), (2, 13), (3, 13), (4, 7), (6, 8), (6, 10), (6, 11), (6, 12), (6, 14), (8, 9), (11, 13)]",11.239810270427826,10.02516996238542,7.638255091319769,4.281560169845234,3.5355189074185382,3.412600901034626,2.8447881630205005,2.0000000000000004,1.90194939989717,1.8637172591180435,1.588350548102465,1.4554137763157398,1.2922393897686304,0.9206261613460486,-1.2857235564100313e-15,164404
"(11, 12, 1)","[(0, 2), (0, 3), (0, 4), (0, 5), (0, 6), (0, 7), (0, 8), (0, 11), (0, 12), (0, 14), (1, 2), (2, 3), (2, 4), (2, 5), (2, 6), (2, 9), (2, 10), (2, 13), (3, 13), (4, 7), (6, 8), (6, 10), (6, 11), (6, 12), (6, 14), (8, 9), (11, 12)]",11.214065438797961,10.015414669194621,7.613593100331011,3.9999999999999973,3.6005152132930505,3.4791031569738187,3.4122162928009927,2.0000000000000004,1.899179995188069,1.8634184324237428,1.459650153299207,1.293057466235941,1.2561906506111535,0.8935954308504231,4.828915330408409e-16,146160
"(12, 14, 1)","[(0, 2), (0, 3), (0, 4), (0, 5), (0, 6), (0, 7), (0, 8), (0, 11), (0, 12), (0, 14), (1, 2), (2, 3), (2, 4), (2, 5), (2, 6), (2, 9), (2, 10), (2, 13), (3, 13), (4, 7), (6, 8), (6, 10), (6, 11), (6, 12), (6, 14), (8, 9), (12, 14)]",11.214065438797954,10.015414669194621,7.613593100331002,4.0,3.600515213293056,3.4791031569738164,3.4122162928009967,2.0000000000000004,1.8991799951880692,1.8634184324237442,1.459650153299206,1.2930574662359384,1.2561906506111518,0.893595430850422,1.8357426431259537e-16,146160
"(12, 13, 1)","[(0, 2), (0, 3), (0, 4), (0, 5), (0, 6), (0, 7), (0, 8), (0, 11), (0, 12), (0, 14), (1, 2), (2, 3), (2, 4), (2, 5), (2, 6), (2, 9), (2, 10), (2, 13), (3, 13), (4, 7), (6, 8), (6, 10), (6, 11), (6, 12), (6, 14), (8, 9), (12, 13)]",11.239810270427823,10.025169962385405,7.638255091319766,4.2815601698452275,3.5355189074185374,3.412600901034627,2.844788163020502,1.9999999999999998,1.901949399897167,1.8637172591180404,1.5883505481024625,1.4554137763157398,1.2922393897686284,0.9206261613460478,-1.1013383280355177e-16,164404
"(13, 14, 1)","[(0, 2), (0, 3), (0, 4), (0, 5), (0, 6), (0, 7), (0, 8), (0, 11), (0, 12), (0, 14), (1, 2), (2, 3), (2, 4), (2, 5), (2, 6), (2, 9), (2, 10), (2, 13), (3, 13), (4, 7), (6, 8), (6, 10), (6, 11), (6, 12), (6, 14), (8, 9), (13, 14)]",11.239810270427826,10.02516996238542,7.638255091319767,4.281560169845239,3.535518907418546,3.4126009010346285,2.844788163020499,2.0,1.90194939989717,1.8637172591180426,1.5883505481024636,1.455413776315738,1.2922393897686288,0.9206261613460497,-1.4057911733422515e-15,164404
